"Entry Name","Sample ID","Sample Data Type","AC50 (uM)","CC-v2","Max Resp","Structure"
"Minisytravon-Counterscreen-washed.1","NCGC00134685-01","activity-counterscreen","null",4.000,8.653,"S(=O)(=O)(N1C(C)CCCC1)c1ccc(C(=O)Nc2c(C(=O)NC)c3c(s2)CCC3)cc1"
"Minisytravon-Counterscreen-washed.2","NCGC00137047-01","activity-counterscreen","null",4.000,16.438,"S(CC(=O)Nc1sc2c(n1)ccc(C)c2)C=1C(C)=CNC(=O)N=1"
"Minisytravon-Counterscreen-washed.3","NCGC00118967-01","activity-counterscreen","null",4.000,15.750,"O=[N+]([O-])c1c(OCC(=O)N(Cc2occc2)c2ncccc2)cccc1"
"Minisytravon-Counterscreen-washed.4","NCGC00108024-01","activity-counterscreen","0.354813",1.400,13.085,"Fc1c(C=2N(c3ccc(OC)cc3)C(=O)c3c(n(-c4ccc(C)cc4)nc3)N=2)cccc1"
"Minisytravon-Counterscreen-washed.5","NCGC00140733-01","activity-counterscreen","null",4.000,13.500,"O=C(Nc1c(OC)cccc1)c1c(NCc2c(C)ccs2)sc2c1CCCCC2"
"Minisytravon-Counterscreen-washed.6","NCGC00130890-01","activity-counterscreen","null",4.000,26.733,"S(=O)(=O)(N(CC)CC)c1cc2N(CC(=O)NCc3ccccc3)C(=O)C3N(c2cc1)CCCC3"
"Minisytravon-Counterscreen-washed.7","NCGC00110490-01","activity-counterscreen","null",4.000,6.917,"S(=O)(=O)(N(CC(=O)N(CC)c1ccc(OC)cc1)C)c1cc2C(=O)N(C)C(=O)N(C)c2cc1"
"Minisytravon-Counterscreen-washed.8","NCGC00117574-01","activity-counterscreen","null",4.000,0.753,"O=C(C)c1c(C)nc(NC(=O)C=2C(=O)N(C)N=C(c3ccccc3)C=2c2ccccc2)s1"
"Minisytravon-Counterscreen-washed.9","NCGC00140548-01","activity-counterscreen","null",4.000,19.321,"O=C(OCC)c1ccc(NC(=O)c2c(NCc3cc(OC)ccc3)sc3c2CCC3)cc1"
"Minisytravon-Counterscreen-washed.10","NCGC00100303-01","activity-counterscreen","null",4.000,0.884,"O=C(Oc1c(OC)cc(C2N=C(O)c3c(sc4c3CCN(C)C4)N2)cc1)c1ccccc1"
"Minisytravon-Counterscreen-washed.11","NCGC00132148-01","activity-counterscreen","null",4.000,0.232,"O=C(NCc1ccc(OC)cc1)CN1C(=O)CCn2nc(-c3c4c(n(C)c3)cccc4)cc12"
"Minisytravon-Counterscreen-washed.12","NCGC00126847-01","activity-counterscreen","null",4.000,17.975,"Fc1ccc(N2CCN(CCCNc3nc(C)nc4oc(C)c(C(=O)OCC)c34)CC2)cc1"
"Minisytravon-Counterscreen-washed.13","NCGC00118871-01","activity-counterscreen","null",4.000,13.019,"O=C(COc1cc(C)c(C)cc1)N1CCN(CCc2ccncc2)CC1"
"Minisytravon-Counterscreen-washed.14","NCGC00139549-03","activity-counterscreen","null",4.000,19.841,"O=C(OCC)N1Cc2sc(NCc3ccc(N(C)C)cc3)c(C(=O)Nc3ccc(OC)cc3)c2CC1"
"Minisytravon-Counterscreen-washed.15","NCGC00112251-01","activity-counterscreen","0.251189",1.400,11.324,"O=C(N(CCC(C)C)Cc1occc1)c1sc2-c3c(OCc2c1)cccc3"
"Minisytravon-Counterscreen-washed.16","NCGC00117637-01","activity-counterscreen","0.199526",1.400,23.432,"Clc1ccc(Cc2nn3C(Nc4ccc(OCC)cc4)=CC(C)=Nc3n2)cc1"
"Minisytravon-Counterscreen-washed.17","NCGC00132417-01","activity-counterscreen","null",4.000,17.153,"S(=O)(=O)(N1CCCCCC1)c1cn(C)c(C(=O)N2CCN(c3ccc(C(=O)C)cc3)CC2)c1"
"Minisytravon-Counterscreen-washed.18","NCGC00104167-01","activity-counterscreen","null",4.000,-7.128,"Fc1ccc(C(=O)/N=C/2\N(CC3OCCC3)C=3N=C4N(C(=O)C=3C=C\2C(=O)OCC)C=CC=C4)cc1"
"Minisytravon-Counterscreen-washed.19","NCGC00133513-01","activity-counterscreen","null",4.000,12.888,"S(C)c1ccc(C(N2CCC(C(=O)OCC)CC2)C=2C(=O)N(Cc3occc3)C(C)=CC=2O)cc1"
"Minisytravon-Counterscreen-washed.20","NCGC00133382-01","activity-counterscreen","null",4.000,15.267,"S(Cc1ccc(C(=O)OC)cc1)c1c(C(C)C)cnc2N(C)C(=O)N(C)C(=O)c12"
"Minisytravon-Counterscreen-washed.21","NCGC00120106-01","activity-counterscreen","null",4.000,24.019,"S(c1c(C(=O)N2CCC(C)CC2)[nH]c2c1ccc(OC)c2)c1ccccc1"
"Minisytravon-Counterscreen-washed.22","NCGC00118367-01","activity-counterscreen","null",4.000,-0.481,"O=C(Nc1c(C(=O)OC)c(-c2sccc2)cs1)COc1ccc(CCC)cc1"
"Minisytravon-Counterscreen-washed.23","NCGC00129574-01","activity-counterscreen","null",4.000,17.978,"O=C(Nc1c(OC)ccc(OC)c1)CN1C(=O)C=C(c2ccccc2)c2c(C)nn(C)c12"
"Minisytravon-Counterscreen-washed.24","NCGC00101707-01","activity-counterscreen","null",4.000,-9.246,"O=C(Nc1sc2c(n1)-c1c(cc(OC)cc1)C2)c1ccc(OC)cc1"
"Minisytravon-Counterscreen-washed.25","NCGC00109295-01","activity-counterscreen","0.354813",1.400,9.912,"S(=O)(=O)(N1CCC(C(=O)Nc2cc(C)cc(C)c2)CC1)c1c(/C=C/c2occc2)onc1C"
"Minisytravon-Counterscreen-washed.26","NCGC00104476-01","activity-counterscreen","null",4.000,7.440,"S(=O)(=O)(c1c(SCC(=O)NC2CCCCC2)oc(-c2ccc(C)cc2)n1)c1ccccc1"
"Minisytravon-Counterscreen-washed.27","NCGC00098473-01","activity-counterscreen","null",4.000,8.509,"Brc1ccc(C(=O)Nc2c(C(=O)Nc3ccc(OC)cc3)c3c(s2)CCCC3)cc1"
"Minisytravon-Counterscreen-washed.28","NCGC00100141-01","activity-counterscreen","null",4.000,-8.102,"Fc1c(C2C(C(=O)Nc3c(OC)cccc3)=C(C)Nc3n2nc(-c2occc2)n3)cccc1"
"Minisytravon-Counterscreen-washed.29","NCGC00118212-01","activity-counterscreen","null",4.000,13.613,"O=[N+]([O-])c1cc(C(=O)N2c3n(C4([C@]5[C@@]2CCCC5)CCCCC4)nc(-c2occc2)n3)ccc1"
"Minisytravon-Counterscreen-washed.30","NCGC00138751-01","activity-counterscreen","null",4.000,4.777,"S(CC(=O)Nc1cc(F)c(C)cc1)C=1n2nc(CCn3c(C)cnc3)nc2-c2c(N=1)cccc2"
"Minisytravon-Counterscreen-washed.31","NCGC00123127-01","activity-counterscreen","null",4.000,-8.476,"S(Cc1cc(F)ccc1)c1c2c(n(CC(=O)N3CCC(C)CC3)c1)cccc2"
"Minisytravon-Counterscreen-washed.32","NCGC00108587-01","activity-counterscreen","null",4.000,12.641,"Fc1cc(C2N(c3ccc(C(=O)OCC)cc3)C(=O)c3[nH]nc(-c4occc4)c23)ccc1"
"Minisytravon-Counterscreen-washed.33","NCGC00137672-01","activity-counterscreen","null",4.000,-0.640,"Brc1ccc(C(=O)Nc2cc(C(=O)O)c(N3CCC(N4CCCCC4)CC3)nc2)cc1"
"Minisytravon-Counterscreen-washed.34","NCGC00120434-01","activity-counterscreen","null",4.000,23.480,"Clc1c(NC(=O)CSC2=NC3=C(C(=O)N2)CN(Cc2cc4OCOc4cc2)CC3)cccc1"
"Minisytravon-Counterscreen-washed.35","NCGC00132091-01","activity-counterscreen","null",4.000,8.363,"O=C(OCc1occc1)c1cc2N(Cc3c(C#N)cccc3)C(=O)c3c(Sc2cc1)cccc3"
"Minisytravon-Counterscreen-washed.36","NCGC00102055-01","activity-counterscreen","0.223872",1.200,19.793,"S(CCCC(=O)Nc1c(OC)cc(OC)cc1)c1nc(C(F)(F)F)cc(-c2occc2)n1"
"Minisytravon-Counterscreen-washed.37","NCGC00131997-01","activity-counterscreen","null",4.000,14.439,"Brc1ccc(NC(=O)N2CCN(S(=O)(=O)c3cc4c(n(C)cc4)cc3)CCC2)cc1"
"Minisytravon-Counterscreen-washed.38","NCGC00101565-01","activity-counterscreen","null",4.000,12.274,"S(CC(=O)Nc1c(C(=O)OCC)c(C)c(C)s1)c1nc(C(F)(F)F)cc(-c2ccc(OC)cc2)n1"
"Minisytravon-Counterscreen-washed.39","NCGC00107942-01","activity-counterscreen","null",4.000,14.542,"S(=O)(=O)(Nc1cc(OC)ccc1)c1cc2C(=O)C(C(=O)N(Cc3occc3)C)=CNc2cc1"
"Minisytravon-Counterscreen-washed.40","NCGC00111716-01","activity-counterscreen","null",4.000,5.605,"Clc1c(OC)ccc(NC(=O)CN2C(=O)N(Cc3occc3)C(=O)c3sc4c(c23)cccc4)c1"
"Minisytravon-Counterscreen-washed.41","NCGC00137590-01","activity-counterscreen","null",4.000,-8.014,"O=C(O)c1c(N2CCN(c3c(C)ccc(C)c3)CC2)ccc(NC(=O)c2sccc2)c1"
"Minisytravon-Counterscreen-washed.42","NCGC00113415-01","activity-counterscreen","null",4.000,9.835,"S(Cc1ccc(F)cc1)c1n(Cc2ccc(C(=O)NCc3oc(C)cc3)cc2)c2ncccc2n1"
"Minisytravon-Counterscreen-washed.43","NCGC00126020-01","activity-counterscreen","null",4.000,-3.671,"O=C(Nc1c(C)cc(C)cc1)CN1C(=O)C(CNc2ccc(OC)cc2)=Cc2c1cc1OCOc1c2"
"Minisytravon-Counterscreen-washed.44","NCGC00138436-01","activity-counterscreen","0.063096",1.400,6.721,"S(CC(=O)Nc1ccc(OCC)cc1)C1=Nc2c(cccc2)C=2N1C(=O)C(CC(=O)NCc1occc1)N=2"
"Minisytravon-Counterscreen-washed.45","NCGC00136278-01","activity-counterscreen","null",4.000,17.674,"S(=O)(=O)(C(CNC(=O)c1cc(OC)c(OC)cc1)c1occc1)c1sccc1"
"Minisytravon-Counterscreen-washed.46","NCGC00129200-01","activity-counterscreen","null",4.000,23.150,"Clc1ccc(C=2S(=O)(=O)N=C(N3CCC(C(=O)NCCc4occc4)CC3)C=2C)cc1"
"Minisytravon-Counterscreen-washed.47","NCGC00124177-01","activity-counterscreen","null",4.000,25.290,"S(=O)(=O)(N1CCN(c2ccc(OC)cc2)CC1)c1cc2c(N(C(=O)C)C(C)C2)cc1"
"Minisytravon-Counterscreen-washed.48","NCGC00140739-01","activity-counterscreen","null",4.000,8.198,"O=C(Nc1ccc(OCC)cc1)c1c(NCc2oc(C)cc2)sc2c1CCCCC2"
"Minisytravon-Counterscreen-washed.49","NCGC00137248-01","activity-counterscreen","null",4.000,-0.276,"Clc1cc(N2CCN(C(c3ccc([N+](=O)[O-])cc3)C3=C(O)n4nc(-c5occc5)nc4S3)CC2)ccc1"
"Minisytravon-Counterscreen-washed.50","NCGC00115038-01","activity-counterscreen","null",4.000,12.887,"Clc1c(C(=O)Nc2ccc(S(=O)(=O)N(CC)c3ccccc3)cc2)nc(S(=O)(=O)C)nc1"
"Minisytravon-Counterscreen-washed.51","NCGC00109403-01","activity-counterscreen","null",4.000,-7.905,"S(CC(=O)NCc1c(OC)cccc1)Cc1c(C)oc(-c2cc(OC)c(OC)cc2)n1"
"Minisytravon-Counterscreen-washed.52","NCGC00106223-01","activity-counterscreen","null",4.000,9.109,"O(C)c1c(N2C(=O)N(CC=3N=C4N(C(=O)C=3)C(C)=CC=C4)c3sc4c(c3C2=O)CCC4)ccc(OC)c1"
"Minisytravon-Counterscreen-washed.53","NCGC00107652-01","activity-counterscreen","null",4.000,22.476,"S(CC(=O)Nc1cc2OCOc2cc1)c1c(-c2ccccc2)[nH]c(-c2ccc(OC)cc2)n1"
"Minisytravon-Counterscreen-washed.54","NCGC00140697-01","activity-counterscreen","null",4.000,18.330,"Clc1cc(NC(=O)c2c(NCc3sccc3)sc3c2CCC(C)C3)c(OC)cc1"
"Minisytravon-Counterscreen-washed.55","NCGC00132775-01","activity-counterscreen","null",4.000,11.154,"S(C)c1ccc(CNC(=O)CN2C(=O)C3N(c4c2cc(C(=O)N2CCCC2)cc4)CCCC3)cc1"
"Minisytravon-Counterscreen-washed.56","NCGC00119369-01","activity-counterscreen","null",4.000,0.323,"O=C(N(CCCC)C)Cn1c(C2CN(c3ccc(C)cc3)C(=O)C2)nc2c1cccc2"
"Minisytravon-Counterscreen-washed.57","NCGC00111051-01","activity-counterscreen","null",4.000,-11.482,"C(c1sc(CC)cc1)(c1c2c([nH]c1)ccc(C)c2)c1ccccc1"
"Minisytravon-Counterscreen-washed.58","NCGC00116189-01","activity-counterscreen","null",4.000,-3.353,"O=C(n1c(NCc2sccc2)nc(-c2occc2)n1)c1cc(OC)c(OC)cc1"
"Minisytravon-Counterscreen-washed.59","NCGC00112431-01","activity-counterscreen","15.848932",2.400,30.057,"FC(F)(F)c1cc(NC(=O)CN2C(=O)CC(c3occc3)Sc3c2cccc3)ccc1"
"Minisytravon-Counterscreen-washed.60","NCGC00110839-01","activity-counterscreen","null",4.000,5.659,"Clc1nc2c(c3sc(C(=O)NCCCN(Cc4ccccc4)C)cc13)cc(C)cc2"
"Minisytravon-Counterscreen-washed.61","NCGC00139656-01","activity-counterscreen","null",4.000,6.556,"Clc1c(CS(=O)(=O)CC2C(=O)Nc3c(N2)ccc(C(=O)NCCCOCC)c3)ccc(F)c1"
"Minisytravon-Counterscreen-washed.62","NCGC00129415-01","activity-counterscreen","null",4.000,14.687,"Clc1c(-c2oc(C(N3CCN(c4ccc(OC)cc4)CC3)c3ccccc3)nn2)cccc1"
"Minisytravon-Counterscreen-washed.63","NCGC00139954-01","activity-counterscreen","null",4.000,16.366,"Clc1c(CC2=C(C)n3nc(SCC(=O)NCCc4ccc(Cl)cc4)nc3N=C2C)cccc1"
"Minisytravon-Counterscreen-washed.64","NCGC00101472-02","activity-counterscreen","null",4.000,-11.774,"S(CCC(=O)Nc1c(O)ccc(C)c1)c1nc(C(F)(F)F)cc(-c2ccc(OC)cc2)n1"
"Minisytravon-Counterscreen-washed.65","NCGC00105416-01","activity-counterscreen","null",4.000,1.480,"Clc1ccc(-c2c(C)sc(C=3C(=O)NC4=C(C(=O)CC(c5ccccc5)C4)C=3)n2)cc1"
"Minisytravon-Counterscreen-washed.66","NCGC00118418-01","activity-counterscreen","null",4.000,-4.763,"Clc1c(C)ccc(NC(=O)CCCc2onc(-c3occc3)n2)c1"
"Minisytravon-Counterscreen-washed.67","NCGC00141172-02","activity-counterscreen","null",4.000,-0.489,"Clc1ccc(C=2Nc3n(C(c4ccccc4)C=2)nc(NS(=O)(=O)c2ccc(NC(=O)C)cc2)n3)cc1"
"Minisytravon-Counterscreen-washed.68","NCGC00115376-01","activity-counterscreen","null",4.000,23.154,"Clc1ccc(OCC(=O)Nc2cc3nc(CCNC(=O)c4occc4)n(C)c3cc2)cc1"
"Minisytravon-Counterscreen-washed.69","NCGC00108680-01","activity-counterscreen","null",4.000,6.891,"O=C(NCCCN(CC)Cc1ccccc1)c1sc-2c(C(=O)N(C)c3c-2cccc3)c1"
"Minisytravon-Counterscreen-washed.70","NCGC00137652-01","activity-counterscreen","null",4.000,3.162,"O=C(NCCC)CN1CCN(c2c(C(=O)O)cc(NC(=O)c3ccc(OC)cc3)cc2)CC1"
"Minisytravon-Counterscreen-washed.71","NCGC00123301-01","activity-counterscreen","null",4.000,-0.376,"S(Cc1ccc(C(F)(F)F)cc1)c1c2c(n(CC(=O)N3CCOCC3)c1)cccc2"
"Minisytravon-Counterscreen-washed.72","NCGC00118396-01","activity-counterscreen","null",4.000,5.761,"O=C(Nc1c(OC)cc(OC)cc1)CCCc1onc(-c2occc2)n1"
"Minisytravon-Counterscreen-washed.73","NCGC00136112-01","activity-counterscreen","null",4.000,9.658,"S(=O)(=O)(C(CNC(=O)C(=O)NCCc1c(OC)cccc1)c1occc1)c1ccc(C)cc1"
"Minisytravon-Counterscreen-washed.74","NCGC00099741-01","activity-counterscreen","null",4.000,-13.928,"Clc1c(C)cc(OCC(O)CN2CCN(c3cc(Cl)ccc3)CC2)cc1"
"Minisytravon-Counterscreen-washed.75","NCGC00136458-03","activity-counterscreen","null",4.000,11.883,"S(CC(=O)Nc1c(-c2sc3c(n2)cccc3)c2c(s1)CN(C)CC2)c1ccc(F)cc1"
"Minisytravon-Counterscreen-washed.76","NCGC00134057-01","activity-counterscreen","null",4.000,-5.996,"S(=O)(=O)(N1CCCC1)c1cc2sc(NC(=O)c3cc(N(C)C)ccc3)nc2cc1"
"Minisytravon-Counterscreen-washed.77","NCGC00117374-01","activity-counterscreen","null",4.000,-16.749,"O=C(Nc1ccc(CC)cc1)C(C)N1C(=O)c2c(sc(-c3ccccc3)c2)N=N1"
"Minisytravon-Counterscreen-washed.78","NCGC00115382-01","activity-counterscreen","null",4.000,-3.008,"O(C)c1ccc(C2N(Cc3occc3)C(=O)c3[nH]nc(-c4c(O)cccc4)c23)cc1"
"Minisytravon-Counterscreen-washed.79","NCGC00104263-01","activity-counterscreen","null",4.000,7.380,"S(c1c(OC(=O)C(C)C)n(-c2ccccc2)nc1C)c1ccccc1"
"Minisytravon-Counterscreen-washed.80","NCGC00105476-01","activity-counterscreen","null",4.000,18.035,"Clc1cc(-c2onc(C(=O)Nc3c(C#N)c(CC)c(C)s3)c2)ccc1"
"Minisytravon-Counterscreen-washed.81","NCGC00141938-01","activity-counterscreen","null",4.000,2.296,"Brc1ccc(S(=O)(=O)Nc2c3c(c4oc(C)c(C(=O)C)c4c2)cccc3)cc1"
"Minisytravon-Counterscreen-washed.82","NCGC00107426-01","activity-counterscreen","null",4.000,26.814,"Clc1c(C(=O)Nc2c(N3CCC(C(=O)OCC)CC3)cc3N(C)C(=O)N(C)c3c2)cccc1"
"Minisytravon-Counterscreen-washed.83","NCGC00102659-01","activity-counterscreen","null",4.000,14.183,"ClC(F)(F)Oc1ccc(N(C(=O)c2nn3C(C(F)(F)F)=CC(c4occc4)=Nc3c2)C)cc1"
"Minisytravon-Counterscreen-washed.84","NCGC00125858-01","activity-counterscreen","null",4.000,0.106,"O=C(Nc1c(C)cc(C)cc1C)C1CCN(c2nnc(C)c3c(C)n(-c4ccccc4)nc23)CC1"
"Minisytravon-Counterscreen-washed.85","NCGC00100451-01","activity-counterscreen","null",4.000,26.591,"O(C)c1ccc(CNCCC(c2cc3OCOc3cc2)c2ccccc2)cc1"
"Minisytravon-Counterscreen-washed.86","NCGC00114733-01","activity-counterscreen","null",4.000,6.720,"Clc1c(C)cc(OCCn2c(CCNC(=O)C3CCCCC3)nc3c2cccc3)cc1"
"Minisytravon-Counterscreen-washed.87","NCGC00117038-01","activity-counterscreen","null",4.000,2.899,"Clc1c(C)c(-c2oc(CNCCSc3n(-c4ccccc4)nnn3)cc2)ccc1"
"Minisytravon-Counterscreen-washed.88","NCGC00137640-01","activity-counterscreen","null",4.000,3.673,"Clc1ccc(OCCN2CCN(c3c(C(=O)O)cc(NC(=O)c4ccc(F)cc4)cc3)CC2)cc1"
"Minisytravon-Counterscreen-washed.89","NCGC00112437-01","activity-counterscreen","null",4.000,2.249,"O=C(Nc1c(C(=O)OCC)cccc1)CN1C(=O)CC(c2occc2)Sc2c1cccc2"
"Minisytravon-Counterscreen-washed.90","NCGC00140403-01","activity-counterscreen","null",4.000,6.903,"O=C(Nc1ccc(N(C)C)cc1)CN1C(=O)c2c(Sc3c1cc(C(=O)N1CCCC1)cc3)cccc2"
"Minisytravon-Counterscreen-washed.91","NCGC00121534-01","activity-counterscreen","null",4.000,4.203,"O=C(OCC)c1cc(NC(=O)c2c(C)c3-c4nn(CC)cc4CCc3o2)ccc1"
"Minisytravon-Counterscreen-washed.92","NCGC00118473-01","activity-counterscreen","null",4.000,16.935,"O=C(Nc1cc2nc(CN3CCN(C(=O)OCC)CC3)n(C(C)C)c2cc1)C"
"Minisytravon-Counterscreen-washed.93","NCGC00100313-01","activity-counterscreen","null",4.000,-17.934,"S(=O)(=O)(Nc1cc(C)ccc1)c1cc2c(N[C@](c3ccc(F)cc3)[C@]3[C@@]2C=CC3)cc1"
"Minisytravon-Counterscreen-washed.94","NCGC00109122-01","activity-counterscreen","null",4.000,-3.525,"S(=O)(=O)(N(C)C1CCCCC1)c1cc2C(=O)C(C(=O)N3CCN(c4c(F)cccc4)CC3)=CN(CC)c2cc1"
"Minisytravon-Counterscreen-washed.95","NCGC00103824-01","activity-counterscreen","null",4.000,9.817,"Clc1cc(C(=O)Nc2cc3c(C)cc(N4CCN(CC)CC4)nc3cc2)c(OC)cc1"
"Minisytravon-Counterscreen-washed.96","NCGC00109585-01","activity-counterscreen","0.199526",1.400,24.852,"S(=O)(CC(=O)NCc1c(OC)cccc1)Cc1c(C)oc(-c2cc(OC)c(OC)cc2)n1"
"Minisytravon-Counterscreen-washed.97","NCGC00100714-01","activity-counterscreen","null",4.000,15.706,"O=C(Nc1ccc(OC)cc1)c1c(N)c2c(-c3ccc(OC)cc3)c3C(=O)CC(C)(C)Cc3nc2s1"
"Minisytravon-Counterscreen-washed.98","NCGC00122022-01","activity-counterscreen","null",4.000,20.190,"O=C(Nc1c(C)ccc(C)c1)CCN1C(=O)c2c(Sc3ncccc13)cccc2"
"Minisytravon-Counterscreen-washed.99","NCGC00101411-01","activity-counterscreen","null",4.000,9.290,"Brc1ccc(OC2=C(/C=C(\C#N)/c3n(C)c4c(n3)cccc4)C(=O)N3C(C(C)=CC=C3)=N2)cc1"
"Minisytravon-Counterscreen-washed.100","NCGC00119748-01","activity-counterscreen","null",4.000,-0.346,"Clc1ccc(C=2Nc3n(C(c4ccc(F)cc4)C=2)nc(NC(=O)c2occc2)n3)cc1"
"Minisytravon-Counterscreen-washed.101","NCGC00100573-01","activity-counterscreen","null",4.000,-17.576,"O=C(CN1CC(C(=O)OCC)CCC1)N1C=2C(=O)Oc3c(cc(OCc4ccccc4)cc3)C=2CCC1"
"Minisytravon-Counterscreen-washed.102","NCGC00115716-01","activity-counterscreen","null",4.000,13.351,"O=C(NCc1occc1)c1c(NC(=O)C=2Oc3c(C(=O)C=2)cc(C)c(C)c3)sc2c1CCC2"
"Minisytravon-Counterscreen-washed.103","NCGC00134063-01","activity-counterscreen","null",4.000,8.665,"S(=O)(=O)(N1C(CC)CCCC1)c1ccc(C(=O)Nc2c(C(=O)N)c3c(s2)CCC3)cc1"
"Minisytravon-Counterscreen-washed.104","NCGC00111822-01","activity-counterscreen","null",4.000,13.587,"Clc1c(-c2oc(C)c(CS(=O)(=O)CC(=O)NC(CCc3ccccc3)C)n2)cccc1"
"Minisytravon-Counterscreen-washed.105","NCGC00119159-01","activity-counterscreen","null",4.000,17.811,"O=C(Nc1cc(-c2sc3c(n2)cccc3)ccc1)CCCC"
"Minisytravon-Counterscreen-washed.106","NCGC00098927-01","activity-counterscreen","null",4.000,0.139,"Brc1oc(C(=O)Nc2c(Cl)ccc(-c3oc4c(n3)ccc(C)c4)c2)cc1"
"Minisytravon-Counterscreen-washed.107","NCGC00102312-01","activity-counterscreen","null",4.000,6.099,"Brc1ccc(S(=O)(=O)Nc2c(C)c(S(=O)(=O)c3ccc(C)cc3)c(O)cc2C)cc1"
"Minisytravon-Counterscreen-washed.108","NCGC00122715-01","activity-counterscreen","null",4.000,6.303,"S(CC(=O)N1CCCCC1)c1nc(-c2ccc(OC)cc2)nc2Oc3c(C)ncc(CO)c3Cc12"
"Minisytravon-Counterscreen-washed.109","NCGC00105890-01","activity-counterscreen","null",4.000,-1.959,"O=C(OCC)CC(NC(=O)c1sc2N=C3C(C)=CC=CN3C(=O)c2c1)c1cc(OC)c(OCC(C)C)cc1"
"Minisytravon-Counterscreen-washed.110","NCGC00114696-01","activity-counterscreen","null",4.000,8.545,"S(Cc1ccccc1)c1sc(N2C(=O)C(C#N)=CC=3C(=O)N4C(=NC2=3)C=CC(C)=C4)nn1"
"Minisytravon-Counterscreen-washed.111","NCGC00111800-01","activity-counterscreen","null",4.000,6.786,"Clc1cc(NC(=O)CN2C(=O)N(c3cc(OC)ccc3)C(=O)c3sc4c(c23)cccc4)ccc1"
"Minisytravon-Counterscreen-washed.112","NCGC00102880-01","activity-counterscreen","null",4.000,9.704,"Clc1c(C)c(N2C(N)=C(C#N)C(c3scc(CN4CCOCC4)c3)C=3C(=O)CCCC2=3)ccc1"
"Minisytravon-Counterscreen-washed.113","NCGC00122650-01","activity-counterscreen","null",4.000,10.902,"O=C(Nc1cc(C)c(C)cc1)CN1C(=O)N(Cc2occc2)C(=O)c2oc3c(c12)cccc3"
"Minisytravon-Counterscreen-washed.114","NCGC00118533-01","activity-counterscreen","null",4.000,14.840,"S(=O)(=O)(n1c(NCc2cc(OC)c(OC)cc2)nc(-c2occc2)n1)c1cc2c(cc1)cccc2"
"Minisytravon-Counterscreen-washed.115","NCGC00117358-01","activity-counterscreen","null",4.000,15.097,"Clc1c(C(=O)Nc2sc3c(n2)ccc(OC)c3)nc(S(=O)(=O)Cc2c(F)cccc2)nc1"
"Minisytravon-Counterscreen-washed.116","NCGC00112805-01","activity-counterscreen","null",4.000,-0.011,"O=C(Nc1c(OCC)cccc1)CN1C(=O)N(Cc2occc2)C(=O)c2c1nccc2"
"Minisytravon-Counterscreen-washed.117","NCGC00128305-01","activity-counterscreen","null",4.000,-5.033,"O=C(N1CCN(c2c(C)ccc(C)c2)CC1)c1n(-c2sc(N3CCCCC3)nn2)ccc1"
"Minisytravon-Counterscreen-washed.118","NCGC00105030-01","activity-counterscreen","null",4.000,1.414,"Clc1c(C)ccc(N2C(SCC(C)C)=Nc3sc4c(c3C2=O)CCN(C(=O)C)C4)c1"
"Minisytravon-Counterscreen-washed.119","NCGC00140536-01","activity-counterscreen","null",4.000,-0.292,"O=C(Nc1c(OC)cccc1)c1c(NCc2c(OC)c(OC)c(OC)cc2)sc2c1CCC2"
"Minisytravon-Counterscreen-washed.120","NCGC00121480-01","activity-counterscreen","null",4.000,4.734,"Clc1c(C)cc(NC(=O)C2CCN(C3=Nc4c(-n5c3ccc5)cccc4)CC2)c(OC)c1"
"Minisytravon-Counterscreen-washed.121","NCGC00136244-01","activity-counterscreen","null",4.000,0.853,"S(=O)(=O)(C(CNC(=O)C(=O)NCc1cc(OC)ccc1)c1occc1)c1sccc1"
"Minisytravon-Counterscreen-washed.122","NCGC00100440-01","activity-counterscreen","null",4.000,3.915,"Clc1cc(F)c(NC(=O)c2c(N)c3c(s2)nc(-c2sccc2)cc3)cc1"
"Minisytravon-Counterscreen-washed.123","NCGC00118182-01","activity-counterscreen","null",4.000,8.595,"O=C(N1c2n(C3([C@]4[C@@]1CCCC4)CCCCC3)nc(-c1occc1)n2)c1ccc(C)cc1"
"Minisytravon-Counterscreen-washed.124","NCGC00120138-01","activity-counterscreen","null",4.000,15.763,"S(c1c(C(=O)NCc2ccc(OCCC)cc2)[nH]c2c1ccc(OC)c2)c1ccccc1"
"Minisytravon-Counterscreen-washed.125","NCGC00104724-01","activity-counterscreen","null",4.000,1.696,"S(=O)(=O)(c1c(SC(C)c2ccccc2)oc(-c2occc2)n1)c1ccc(C)cc1"
"Minisytravon-Counterscreen-washed.126","NCGC00102478-01","activity-counterscreen","null",4.000,15.303,"ClC(F)(F)C=1n2nc(C(=O)Nc3cc(C(F)(F)F)ccc3)cc2N=C(c2occc2)C=1"
"Minisytravon-Counterscreen-washed.127","NCGC00138557-01","activity-counterscreen","null",4.000,8.878,"S(CC(=O)Nc1ccc(N(C)C)cc1)C1=Nc2c(cccc2)C=2N1C(=O)C(CC(=O)NCc1cc3OCOc3cc1)N=2"
"Minisytravon-Counterscreen-washed.128","NCGC00136184-01","activity-counterscreen","null",4.000,12.612,"O(C)c1c(C2N(CCCN(C)C)C(=O)C=3Oc4c(C(=O)C2=3)cc(C)cc4)cc(OC)cc1"
"Minisytravon-Counterscreen-washed.129","NCGC00121540-01","activity-counterscreen","null",4.000,5.804,"Fc1c(NC(=O)c2c(C)c3-c4nn(Cc5ccc(C)cc5)cc4CCc3o2)ccc(F)c1"
"Minisytravon-Counterscreen-washed.130","NCGC00125495-01","activity-counterscreen","null",4.000,7.381,"S(=O)(=O)(Cc1c(C)oc(-c2ccc(C(=O)NCc3c(C)cccc3)cc2)n1)c1ccccc1"
"Minisytravon-Counterscreen-washed.131","NCGC00131603-01","activity-counterscreen","1.778279",1.400,33.913,"S(=O)(=O)(NCc1n(Cc2c(C)ccc(C)c2)ccc1)c1cc(OC)c(OC)cc1"
"Minisytravon-Counterscreen-washed.132","NCGC00126274-01","activity-counterscreen","null",4.000,-12.592,"Clc1c(CS(=O)(=O)CC2C(=O)Nc3c(N2)ccc(C(=O)NCc2ccc(OC)cc2)c3)cccc1"
"Minisytravon-Counterscreen-washed.133","NCGC00111454-01","activity-counterscreen","null",4.000,0.045,"O=C(Nc1c(C)cccc1)/C(/C#N)=C/c1ccc(OCC=2N=C3SC(C)=NN3C(=O)C=2)cc1"
"Minisytravon-Counterscreen-washed.134","NCGC00104760-01","activity-counterscreen","null",4.000,11.103,"Clc1ccc(S(=O)(=O)c2c(SC(CC)C)oc(-c3occc3)n2)cc1"
"Minisytravon-Counterscreen-washed.135","NCGC00125369-01","activity-counterscreen","null",4.000,5.877,"S(Cc1c(C)oc(-c2ccc(C(=O)NCCc3ccc(OCC)cc3)cc2)n1)c1ccccc1"
"Minisytravon-Counterscreen-washed.136","NCGC00098921-01","activity-counterscreen","null",4.000,0.895,"Clc1cc(NC(=O)CCCN2c3c(C(=O)c4c2cccc4)cc(C)cc3)c(C)cc1"
"Minisytravon-Counterscreen-washed.137","NCGC00126288-01","activity-counterscreen","null",4.000,12.816,"O=[N+]([O-])c1c(C2C(C(=O)Nc3c(C)cc(C)cc3)=C(C)Nc3c(C(=O)Nc4ccccc4)cnn23)cccc1"
"Minisytravon-Counterscreen-washed.138","NCGC00124273-01","activity-counterscreen","null",4.000,0.726,"S(=O)(=O)(NCc1cc(OC)c(OCC)cc1)c1cc2c([nH]c3c2CCCC3)cc1"
"Minisytravon-Counterscreen-washed.139","NCGC00102412-01","activity-counterscreen","null",4.000,15.035,"O=C(Nc1c(C(=O)OC)c2c(s1)CCCCC2)C(Oc1ccc(CCC)cc1)C"
"Minisytravon-Counterscreen-washed.140","NCGC00103004-01","activity-counterscreen","null",4.000,3.670,"FC(F)(F)c1c2c(N)c(C(=O)Nc3c(OC)cccc3)sc2nc2c1CN(C(=O)C)CC2"
"Minisytravon-Counterscreen-washed.141","NCGC00117170-01","activity-counterscreen","null",4.000,7.800,"Clc1c(C(=O)NCc2ccc(OC)cc2)nc(S(=O)(=O)Cc2ccccc2)nc1"
"Minisytravon-Counterscreen-washed.142","NCGC00137674-01","activity-counterscreen","null",4.000,21.200,"Clc1ccc(C(=O)Nc2cc(C(=O)O)c(N3CC=C(c4c(C)cccc4)CC3)nc2)cc1"
"Minisytravon-Counterscreen-washed.143","NCGC00141465-01","activity-counterscreen","null",4.000,14.420,"S(=O)(=O)(Nc1c(N(C)C)cc2N(C)C(=O)N(C)c2c1)c1ccccc1"
"Minisytravon-Counterscreen-washed.144","NCGC00139448-01","activity-counterscreen","22.387211",-2.100,-210.044,"Clc1c(/C=C/c2n(S(=O)(=O)c3cc(Cl)ccc3)c3c(n2)cccc3)cccc1"
"Minisytravon-Counterscreen-washed.145","NCGC00140758-01","activity-counterscreen","8.912509",-1.100,-144.698,"Clc1c(N2C(SC(C(=O)N(CC)CC)CC)=Nc3[nH]nc(C)c3C2=N)cccc1"
"Minisytravon-Counterscreen-washed.146","NCGC00100305-01","activity-counterscreen","null",4.000,22.558,"Clc1c(C(=O)Oc2c(OCC)cc(C3N=C(O)c4c(sc5c4CCN(C)C5)N3)cc2)cccc1"
"Minisytravon-Counterscreen-washed.147","NCGC00136302-01","activity-counterscreen","null",4.000,2.430,"S(=O)(=O)(C(CNC(=O)C(=O)NCc1c(F)cccc1)c1occc1)c1sccc1"
"Minisytravon-Counterscreen-washed.148","NCGC00137622-01","activity-counterscreen","null",4.000,-2.045,"Brc1ccc(C(=O)Nc2cc(C(=O)O)c(N3CCOCC3)cc2)cc1"
"Minisytravon-Counterscreen-washed.149","NCGC00141459-01","activity-counterscreen","null",4.000,-2.223,"Clc1ccc(N2CCN(S(=O)(=O)c3cc4c(N(C)C(=O)C4)cc3)CC2)cc1"
"Minisytravon-Counterscreen-washed.150","NCGC00139958-01","activity-counterscreen","null",4.000,13.787,"S(CC(=O)NC1CCC(C)CC1)c1nn2C(C)=C(Cc3ccc(C)cc3)C(C)=Nc2n1"
"Minisytravon-Counterscreen-washed.151","NCGC00138879-01","activity-counterscreen","null",4.000,14.242,"S(CC(=O)Nc1c(OC)cccc1)C=1N(CCC(=O)NC2CCCCC2)C(=O)c2c(N=1)cccc2"
"Minisytravon-Counterscreen-washed.152","NCGC00120930-01","activity-counterscreen","null",4.000,9.013,"S(=O)(=O)(N(Cc1occc1)C)c1sc(NC(=O)c2ccc(OCC(C)C)cc2)nn1"
"Minisytravon-Counterscreen-washed.153","NCGC00118896-01","activity-counterscreen","null",4.000,9.550,"O=C(OC)c1c(O)c(-c2c(-c3cc4OCCOc4cc3)[nH]c3N(C)C(=O)NC(=O)c23)sc1C"
"Minisytravon-Counterscreen-washed.154","NCGC00099209-02","activity-counterscreen","null",4.000,19.549,"O=C(Nc1c(C(=O)OC)c2C(C(=O)OC)CCc2s1)CCCOc1cc(C)ccc1"
"Minisytravon-Counterscreen-washed.155","NCGC00136623-01","activity-counterscreen","null",4.000,5.871,"O=C(N(Cc1cnccc1)c1sc2c(C)ccc(OC)c2n1)C1CCCCC1"
"Minisytravon-Counterscreen-washed.156","NCGC00113821-01","activity-counterscreen","null",4.000,6.365,"S(CC(=O)NCc1cc(OC)c(OC)cc1)Cc1c(n(-c2ccccc2)nc1)-n1cccc1"
"Minisytravon-Counterscreen-washed.157","NCGC00104736-01","activity-counterscreen","0.199526",1.400,5.772,"Clc1ccc(S(=O)(=O)c2c(SCC(=O)Nc3ccc(OCC)cc3)oc(-c3occc3)n2)cc1"
"Minisytravon-Counterscreen-washed.158","NCGC00136881-01","activity-counterscreen","null",4.000,7.717,"S(=O)(=O)(NCCC1=C(C)n2nc(-c3ccccc3)nc2S1)c1cc(C)c(C)cc1"
"Minisytravon-Counterscreen-washed.159","NCGC00134029-01","activity-counterscreen","null",4.000,1.612,"S(=O)(=O)(Nc1ccc(-c2nc3SC=C(C)n3c2)cc1)c1c(F)ccc(F)c1"
"Minisytravon-Counterscreen-washed.160","NCGC00100835-01","activity-counterscreen","31.622777",-2.100,-98.933,"O=C(Nc1cc2OCCOc2cc1)c1cc(OC)cc(OC)c1"
"Minisytravon-Counterscreen-washed.161","NCGC00138847-01","activity-counterscreen","null",4.000,7.951,"S(C(C(=O)NCCCC)CC)C=1N(Cc2occc2)C(=O)c2c(N=1)cccc2"
"Minisytravon-Counterscreen-washed.162","NCGC00131230-01","activity-counterscreen","null",4.000,6.810,"Fc1ccc(CNc2nc(NCC)nc3n(C)ncc23)cc1"
"Minisytravon-Counterscreen-washed.163","NCGC00132034-01","activity-counterscreen","null",4.000,11.443,"Clc1ccc(-c2scc(CCNC(=O)c3occc3)n2)cc1"
"Minisytravon-Counterscreen-washed.164","NCGC00107193-01","activity-counterscreen","0.398107",-1.400,0.000,"Clc1cc(C(=O)NCCn2c(C)cc3c2cccc3)ccc1"
"Minisytravon-Counterscreen-washed.165","NCGC00102208-01","activity-counterscreen","null",4.000,0.000,"Brc1cc(C2=Nc3n(C(C(F)(F)F)=C2)ncn3)ccc1"
"Minisytravon-Counterscreen-washed.166","NCGC00115317-01","activity-counterscreen","null",4.000,6.951,"O=C(Nc1cc2nc(CN3CCCCC3)n(C)c2cc1)COc1cc(C)ccc1"
"Minisytravon-Counterscreen-washed.167","NCGC00136242-01","activity-counterscreen","null",4.000,0.000,"S(=O)(=O)(C(CNC(=O)c1c(F)cccc1)c1occc1)c1sccc1"
"Minisytravon-Counterscreen-washed.168","NCGC00132092-01","activity-counterscreen","null",4.000,0.000,"Brc1oc(C(=O)NCCc2nc(-c3cc(F)ccc3)sc2)cc1"
"Minisytravon-Counterscreen-washed.169","NCGC00104992-01","activity-counterscreen","null",4.000,-4.409,"O=C1N(c2ccc(C)cc2)C(=O)c2c(sc3c2CCCC3)N1"
"Minisytravon-Counterscreen-washed.170","NCGC00118154-01","activity-counterscreen","null",4.000,0.000,"c1(-c2occc2)nn2C3([C@]4[C@@](Nc2n1)CCCC4)CCCCC3"
"Minisytravon-Counterscreen-washed.171","NCGC00098122-01","activity-counterscreen","null",4.000,0.000,"Oc1ccc(-c2sc3c(n2)ccc(N)c3)cc1"
"Minisytravon-Counterscreen-washed.172","NCGC00135959-01","activity-counterscreen","null",4.000,0.000,"S(CC(=O)Nc1sc(C)nn1)c1n(Cc2ccc(OC)cc2)ccn1"
"Minisytravon-Counterscreen-washed.173","NCGC00126457-01","activity-counterscreen","null",4.000,0.000,"O=C(N(CCN(C)C)CC)CN1C(=O)c2[nH]c3c(c2C=N1)cc(C)cc3"
"Minisytravon-Counterscreen-washed.174","NCGC00102771-01","activity-counterscreen","null",4.000,5.075,"Fc1c(OCc2onc(-c3ccc(-n4cccc4)cc3)n2)cccc1"
"Minisytravon-Counterscreen-washed.175","NCGC00110666-01","activity-counterscreen","null",4.000,0.000,"Fc1ccc(C(=O)c2c(N)c3c(s2)nc2c(c3)CN(C)CC2)cc1"
"Minisytravon-Counterscreen-washed.176","NCGC00139566-01","activity-counterscreen","null",4.000,0.000,"Fc1ccc(CNC(=O)c2cc3ncn(-c4c(C)cc(C)cc4)c3cc2)cc1"
"Minisytravon-Counterscreen-washed.177","NCGC00139222-01","activity-counterscreen","null",4.000,0.000,"N(c1ncnc2n(-c3ccccc3)ncc12)C1CCCC1"
"Minisytravon-Counterscreen-washed.178","NCGC00113359-01","activity-counterscreen","null",4.000,0.000,"O=C(OC)c1n(Cc2c(C)oc(-c3c(C)cccc3)n2)c2c(oc3c2cccc3)c1"
"Minisytravon-Counterscreen-washed.179","NCGC00131258-01","activity-counterscreen","null",4.000,0.000,"C(CC)CN1Cc2c(nc(N3CCN(C)CC3)nc2)CC1"
"Minisytravon-Counterscreen-washed.180","NCGC00103340-01","activity-counterscreen","null",4.000,0.000,"O=C(Nc1cc(C)c(O)c(-c2oc3c(n2)cccc3)c1)c1occc1"
"Minisytravon-Counterscreen-washed.181","NCGC00120926-01","activity-counterscreen","0.316228",1.400,0.000,"S(=O)(=O)(N(Cc1occc1)C)c1sc(NC(=O)c2cc(C)ccc2)nn1"
"Minisytravon-Counterscreen-washed.182","NCGC00135954-01","activity-counterscreen","null",4.000,0.000,"S(CC(=O)Nc1c(OC)cccc1)c1nnc(-c2c(C)nc(C)s2)cc1"
"Minisytravon-Counterscreen-washed.183","NCGC00098935-01","activity-counterscreen","0.056234",1.400,0.000,"O=C(Nc1c(C)c(C)ccc1)CC1C(=O)Nc2c(N1)cc(C)c(C)c2"
"Minisytravon-Counterscreen-washed.184","NCGC00128083-01","activity-counterscreen","null",4.000,0.000,"S(=O)(=O)(NCc1occc1)c1c(CC)ccc(-c2onc(C)c2)c1"
"Minisytravon-Counterscreen-washed.185","NCGC00114860-01","activity-counterscreen","null",4.000,12.492,"O=C(c1c(N)c(-c2scc(-c3ccc(OCC)cc3)n2)c2n1C=CC=C2)c1cc2OCOc2cc1"
"Minisytravon-Counterscreen-washed.186","NCGC00134688-01","activity-counterscreen","0.281838",1.400,19.084,"Clc1cc(CNC(=O)CSCc2n(C3CCCCC3)c3ncccc3n2)ccc1"
"Minisytravon-Counterscreen-washed.187","NCGC00131445-01","activity-counterscreen","null",4.000,-0.019,"O(C)c1c(OC)cc(CN2Cc3c(nc(N4CCN(c5ncccn5)CC4)nc3)CC2)c(OC)c1"
"Minisytravon-Counterscreen-washed.188","NCGC00116377-01","activity-counterscreen","null",4.000,6.706,"O=C(OC=1c2c(C)oc(C)c2C(=O)C=C(c2cc(OC)c(OC)cc2)C=1)c1ccc(OC)cc1"
"Minisytravon-Counterscreen-washed.189","NCGC00127820-01","activity-counterscreen","null",4.000,-0.759,"S(=O)(=O)(N1CCCCC1)c1cc2c(nc(N3CCN(c4c(F)cccc4)CC3)cc2)cc1"
"Minisytravon-Counterscreen-washed.190","NCGC00113437-01","activity-counterscreen","null",4.000,8.699,"S(Cc1ccc(F)cc1)c1n(C)c2c(n1)ccc(C(=O)NCc1ccc(CC)cc1)c2"
"Minisytravon-Counterscreen-washed.191","NCGC00121705-01","activity-counterscreen","null",4.000,4.252,"O=C(NCCCN1CCN(CCC)CC1)c1cc2Sc3n(-c2cc1)cc(-c1ccc(C)cc1)n3"
"Minisytravon-Counterscreen-washed.192","NCGC00130532-01","activity-counterscreen","null",4.000,16.528,"O=C(Nc1cc(C(=O)OCC=2N=C3SC(C)=NN3C(=O)C=2)ccc1)CCc1ccccc1"
"Minisytravon-Counterscreen-washed.193","NCGC00141454-01","activity-counterscreen","null",4.000,6.258,"O=C(Nc1ccc(C)cc1)CN1C(=O)C(CNc2ccccc2)=Cc2c1cc1OCCOc1c2"
"Minisytravon-Counterscreen-washed.194","NCGC00137370-01","activity-counterscreen","null",4.000,21.390,"S(=O)(=O)(N1C(c2c(F)cccc2)c2n(ccc2)CC1)c1c(C)ccc([N+](=O)[O-])c1"
"Minisytravon-Counterscreen-washed.195","NCGC00126276-01","activity-counterscreen","0.251189",1.200,1.062,"FC(F)(F)c1cc(NC(=O)c2c(n(-c3cc(F)ccc3)nc2)C2CCNCC2)ccc1"
"Minisytravon-Counterscreen-washed.196","NCGC00112627-01","activity-counterscreen","null",4.000,16.090,"O=C(N(CCOC)Cc1occc1)c1sc-2c(C(=O)Nc3c-2cc(C)cc3)c1"
"Minisytravon-Counterscreen-washed.197","NCGC00121917-01","activity-counterscreen","null",4.000,8.131,"O=C(NCC)c1cc2Sc3n(-c2cc1)cc(-c1cc(OC)ccc1)n3"
"Minisytravon-Counterscreen-washed.198","NCGC00099353-01","activity-counterscreen","null",4.000,24.428,"O(C)c1c(N2C(/C=C/c3c(C)n(C)c4c3cccc4)=Nc3c(C2=O)cccc3)cccc1"
"Minisytravon-Counterscreen-washed.199","NCGC00118444-01","activity-counterscreen","null",4.000,16.369,"O=C(Nc1sc2c(n1)CCCC2)c1c(OCCC)cccc1"
"Minisytravon-Counterscreen-washed.200","NCGC00120208-01","activity-counterscreen","null",4.000,15.632,"Brc1c(CNC=2C(C)=C(S(=O)(=O)N=2)c2ccc(C(C)C)cc2)cccc1"
"Minisytravon-Counterscreen-washed.201","NCGC00118906-01","activity-counterscreen","null",4.000,-4.962,"O=C(OCC)c1c(O)c(-c2c(-c3c(C)ccc(C)c3)[nH]c3N(C)C(=O)NC(=O)c23)sc1C"
"Minisytravon-Counterscreen-washed.202","NCGC00099387-01","activity-counterscreen","null",4.000,18.409,"Clc1cc(-c2oc(C(=O)Nc3cc4nc(-c5cnccc5)oc4cc3)cc2)ccc1"
"Minisytravon-Counterscreen-washed.203","NCGC00115986-01","activity-counterscreen","null",4.000,-4.922,"O=C(NCc1occc1)c1c(NC(=O)C=2Oc3c(C)c(C)ccc3C(=O)C=2)sc2c1CCCC2"
"Minisytravon-Counterscreen-washed.204","NCGC00114666-01","activity-counterscreen","null",4.000,15.763,"S(Cc1c(F)cccc1)c1sc(N2C(=O)C(C#N)=CC=3C(=O)N4C(C(C)=CC=C4)=NC2=3)nn1"
"Minisytravon-Counterscreen-washed.205","NCGC00141832-01","activity-counterscreen","null",4.000,11.754,"Brc1oc(-c2nc(-c3c(OC)cccc3)on2)cc1"
"Minisytravon-Counterscreen-washed.206","NCGC00132151-01","activity-counterscreen","null",4.000,6.368,"O=C(NCc1cc(OCC)c(OCC)c(OCC)c1)c1cc2NC(=O)C3N(c2cc1)CCCC3"
"Minisytravon-Counterscreen-washed.207","NCGC00117804-01","activity-counterscreen","null",4.000,-1.833,"Brc1ccc(NC(=O)c2c(N(Cc3oc(C)cc3)Cc3occc3)cnc(S(=O)(=O)C)n2)cc1"
"Minisytravon-Counterscreen-washed.208","NCGC00118288-01","activity-counterscreen","null",4.000,9.250,"S(=O)(=O)(c1c(SCCC)[nH]c(-c2ccccc2)n1)c1ccc(C)cc1"
"Minisytravon-Counterscreen-washed.209","NCGC00116824-01","activity-counterscreen","null",4.000,9.974,"Clc1ccc(S(=O)(=O)c2c(NCCCN(CC)CC)sc(S(=O)(=O)c3ccccc3)n2)cc1"
"Minisytravon-Counterscreen-washed.210","NCGC00112834-01","activity-counterscreen","null",4.000,11.804,"Clc1cc(NC(=O)CSC=2N(Cc3occc3)C(=O)c3oc4c(c3N=2)cccc4)c(OC)cc1"
"Minisytravon-Counterscreen-washed.211","NCGC00135251-01","activity-counterscreen","null",4.000,-7.235,"S(=O)(=O)(N1CCC(C(=O)NCc2ccc(N(C)C)cc2)CC1)c1cc2c(NC(=O)C=C2)cc1"
"Minisytravon-Counterscreen-washed.212","NCGC00140893-01","activity-counterscreen","null",4.000,0.000,"Fc1ccc(NC(=O)/C=C/c2occc2)cc1"
"Minisytravon-Counterscreen-washed.213","NCGC00100708-01","activity-counterscreen","null",4.000,0.000,"O=C(O)CCc1n(c(-c2ccc(C)cc2)cc1)-c1ccc(NC(=O)C)cc1"
"Minisytravon-Counterscreen-washed.214","NCGC00120503-01","activity-counterscreen","null",4.000,0.000,"O=C(C)c1cc(NC(=O)C=2N(C)S(=O)(=O)N=C(c3occc3)C=2)ccc1"
"Minisytravon-Counterscreen-washed.215","NCGC00130260-01","activity-counterscreen","0.501187",-1.400,0.000,"S(C(C(=O)Nc1cc(C)ccc1)CC)c1oc2c(n1)nccc2"
"Minisytravon-Counterscreen-washed.216","NCGC00128186-01","activity-counterscreen","null",4.000,0.000,"S(=O)(=O)(N(Cc1occc1)C)c1c(OC)ccc(-c2c(C)c(C)no2)c1"
"Minisytravon-Counterscreen-washed.217","NCGC00129173-01","activity-counterscreen","null",4.000,0.000,"O=C(NCc1oc(C)cc1)C1=C(C)n2nc(C)c(-c3ccccc3)c2N=C1"
"Minisytravon-Counterscreen-washed.218","NCGC00115971-01","activity-counterscreen","null",4.000,11.787,"O=C(NCc1onc(-c2cc(C)ccc2)n1)c1occc1"
"Minisytravon-Counterscreen-washed.219","NCGC00098516-01","activity-counterscreen","null",4.000,0.000,"S(CC(=O)Nc1sc(C)nn1)c1nnc2c([nH]c3c2cccc3)n1"
"Minisytravon-Counterscreen-washed.220","NCGC00137355-01","activity-counterscreen","null",4.000,0.000,"S(CC(=O)N1CCCCC1)c1c(CC)cnc2N(C)C(=O)N(C)C(=O)c12"
"Minisytravon-Counterscreen-washed.221","NCGC00123971-01","activity-counterscreen","null",4.000,0.000,"Clc1cc2c(n(CC(=O)N3CCCCC3)c(-c3sccc3)c2)cc1"
"Minisytravon-Counterscreen-washed.222","NCGC00132211-01","activity-counterscreen","null",4.000,0.000,"Brc1ccc(NC(=O)Nc2sc3c(n2)CCCCCC3)cc1"
"Minisytravon-Counterscreen-washed.223","NCGC00136025-01","activity-counterscreen","null",4.000,-6.770,"S(CC(=O)Nc1cc(OC)c(OC)cc1)c1n(Cc2occc2)ccn1"
"Minisytravon-Counterscreen-washed.224","NCGC00107480-01","activity-counterscreen","null",4.000,0.000,"O(C)c1c(NC2=C(c3ccccc3)C(=O)c3c2cccc3)cc(OC)cc1"
"Minisytravon-Counterscreen-washed.225","NCGC00139193-01","activity-counterscreen","null",4.000,0.000,"Clc1cc(N2CCN(c3ncnc4n(C)ncc34)CC2)ccc1"
"Minisytravon-Counterscreen-washed.226","NCGC00116088-01","activity-counterscreen","null",4.000,-12.556,"O=C(NCc1occc1)CCCc1onc(-c2c(OC)cccc2)n1"
"Minisytravon-Counterscreen-washed.227","NCGC00132360-01","activity-counterscreen","0.354813",-1.400,0.000,"Fc1cc2C(=O)C(N3Cc4c(cccc4)CC3)=CSc2cc1"
"Minisytravon-Counterscreen-washed.228","NCGC00117612-01","activity-counterscreen","null",4.000,5.646,"O=C(N(CC)CC)C=1C(=O)N(CC)N=C(c2ccccc2)C=1c1ccccc1"
"Minisytravon-Counterscreen-washed.229","NCGC00100863-01","activity-counterscreen","null",4.000,0.000,"O(C)c1ccc(CNCCC(c2occc2)c2ccc(C)cc2)cc1"
"Minisytravon-Counterscreen-washed.230","NCGC00137763-01","activity-counterscreen","null",4.000,0.000,"O=C(NCc1cc2c(N(C(=O)CC)CC2)cc1)C(CC)c1ccccc1"
"Minisytravon-Counterscreen-washed.231","NCGC00101537-01","activity-counterscreen","null",4.000,0.000,"O=C1N(C)C(=O)c2c(-c3cc(C)ccc3)n-3c(C(C)=Nc4c-3cccc4)c2N1C"
"Minisytravon-Counterscreen-washed.232","NCGC00133286-01","activity-counterscreen","null",4.000,0.000,"S(C(CC)C)c1c(C(C)C)cnc2N(C)C(=O)N(C)C(=O)c12"
"Minisytravon-Counterscreen-washed.233","NCGC00135987-01","activity-counterscreen","null",4.000,0.000,"S(=O)(=O)(NCCc1c(C)nc(-c2cnccc2)s1)c1c(F)cc(OC)cc1"
"Minisytravon-Counterscreen-washed.234","NCGC00098844-01","activity-counterscreen","null",4.000,0.000,"O(C)c1c(/C=C(\C#N)/c2n(C)c3c(n2)cccc3)ccc(OC)c1"
"Minisytravon-Counterscreen-washed.235","NCGC00135141-01","activity-counterscreen","0.316228",1.400,4.284,"S(=O)(=O)(N(C)c1ccc(OCC)cc1)c1cc2c(N(C(=O)C)CCC2)cc1"
"Minisytravon-Counterscreen-washed.236","NCGC00132046-01","activity-counterscreen","null",4.000,0.000,"O=C(NCCCOCC)CN1C(=O)CCn2nc(-c3n(C)ccc3)cc12"
"Minisytravon-Counterscreen-washed.237","NCGC00122065-01","activity-counterscreen","null",4.000,0.000,"Clc1c(CSC2=NN=Cn3c4c(occ4)cc23)cccc1"
"Minisytravon-Counterscreen-washed.238","NCGC00134617-01","activity-counterscreen","null",4.000,0.000,"Clc1c(S(=O)(=O)NCc2oc(C)cc2)cc2OCC(=O)Nc2c1"
"Minisytravon-Counterscreen-washed.239","NCGC00118727-01","activity-counterscreen","null",4.000,0.000,"O=C(NCC1(N(C)C)CCCCC1)C(Oc1c(C)c(C)ccc1)C"
"Minisytravon-Counterscreen-washed.240","NCGC00105632-01","activity-counterscreen","null",4.000,1.568,"O=C(Nc1c(C#N)c2c(s1)CCCC2)c1noc(-c2c(OC)cccc2)c1"
"Minisytravon-Counterscreen-washed.241","NCGC00126013-01","activity-counterscreen","null",4.000,18.546,"O=C(NCc1c(C)cccc1)C1CCN(c2nnc(C)c3c(C)n(-c4ccc(OC)cc4)nc23)CC1"
"Minisytravon-Counterscreen-washed.242","NCGC00133535-01","activity-counterscreen","null",4.000,1.777,"O(CC)c1ccc(C(N2CCN(C)CC2)C=2C(=O)N(Cc3occc3)C(C)=CC=2O)cc1"
"Minisytravon-Counterscreen-washed.243","NCGC00133965-01","activity-counterscreen","null",4.000,9.955,"Clc1ccc(Cc2c(SCC(=O)N3CCN(c4ccc(OC)cc4)CC3)nc3c(n2)cccc3)cc1"
"Minisytravon-Counterscreen-washed.244","NCGC00123422-01","activity-counterscreen","null",4.000,8.531,"FC(F)(F)Oc1ccc(NC(=O)COCc2noc(-c3occc3)c2)cc1"
"Minisytravon-Counterscreen-washed.245","NCGC00119155-01","activity-counterscreen","null",4.000,18.546,"O=[N+]([O-])c1c(OCC(=O)Nc2cc(-c3sc4c(n3)cccc4)ccc2)cccc1"
"Minisytravon-Counterscreen-washed.246","NCGC00133317-01","activity-counterscreen","null",4.000,-16.100,"O(CCN1C(=O)C(C(N2CCN(c3ccccc3)CC2)c2c(OC)cccc2)=C(O)C=C1C)C"
"Minisytravon-Counterscreen-washed.247","NCGC00101826-01","activity-counterscreen","null",4.000,15.978,"Clc1cc(NS(=O)(=O)c2cc3OC(=O)Nc3cc2)c(O)cc1"
"Minisytravon-Counterscreen-washed.248","NCGC00134207-01","activity-counterscreen","null",4.000,15.895,"Clc1c(-c2nc(SCC(=O)NCc3occc3)c3C(=O)N(C)C(=O)N(C)c3n2)cccc1"
"Minisytravon-Counterscreen-washed.249","NCGC00109675-01","activity-counterscreen","null",4.000,10.641,"Clc1cc(N2CCN(C(=O)C3CN(Cc4c(C)oc(-c5cc(C)ccc5)n4)CCC3)CC2)c(C)cc1"
"Minisytravon-Counterscreen-washed.250","NCGC00140614-01","activity-counterscreen","0.177828",1.400,19.732,"Clc1cc(NC(=O)c2c(NCc3cnccc3)sc3c2CCCC3)c(OC)cc1"
"Minisytravon-Counterscreen-washed.251","NCGC00113030-01","activity-counterscreen","null",4.000,1.316,"Clc1ccc(Cc2oc3c(n2)cc(N)cc3)cc1"
"Minisytravon-Counterscreen-washed.252","NCGC00125397-01","activity-counterscreen","null",4.000,17.839,"S(=O)(Cc1c(C)oc(-c2ccc(C(=O)NCc3ccc(F)cc3)cc2)n1)c1ccccc1"
"Minisytravon-Counterscreen-washed.253","NCGC00114814-01","activity-counterscreen","null",4.000,17.857,"Clc1ccc(S(=O)(=O)NCC(N2c3c(cccc3)CC2)c2ccccc2)cc1"
"Minisytravon-Counterscreen-washed.254","NCGC00108961-01","activity-counterscreen","null",4.000,2.001,"Clc1cc2N(C)C(=O)C=C(SCC(=O)NCCCN(CC)c3cc(C)ccc3)c2cc1"
"Minisytravon-Counterscreen-washed.255","NCGC00107752-01","activity-counterscreen","0.251189",1.400,20.267,"S(CC(=O)Nc1c(F)cccc1)C1=Nc2c(cccc2)C=2N1C(=O)C(CCC(=O)NCc1occc1)N=2"
"Minisytravon-Counterscreen-washed.256","NCGC00107744-01","activity-counterscreen","null",4.000,8.187,"O=C(Nc1c(OCC)cccc1)C=1c2c3c(n(C)c2C(=O)N(C2CCCC2)C=1)cccc3"
"Minisytravon-Counterscreen-washed.257","NCGC00101896-01","activity-counterscreen","null",4.000,-8.384,"S(=O)(=O)(Nc1c2c(c3oc(C)c(C(=O)OCCCC)c3c1)cccc2)c1c(OC)ccc(OC)c1"
"Minisytravon-Counterscreen-washed.258","NCGC00132878-01","activity-counterscreen","null",4.000,14.255,"S(=O)(=O)(N(C)C)c1cc2N(CC(=O)NCc3ccc(N(C)C)cc3)CCSc2cc1"
"Minisytravon-Counterscreen-washed.259","NCGC00101350-01","activity-counterscreen","null",4.000,17.882,"O=C(OC=1c2c(C)oc(C)c2C(=O)C=C(c2ccc(OCC)cc2)C=1)c1ccccc1"
"Minisytravon-Counterscreen-washed.260","NCGC00124124-01","activity-counterscreen","31.622777",-2.400,-45.509,"S(Cc1ccc(F)cc1)c1n(Cc2ccc(C(=O)NCCN(C)C)cc2)c2ncccc2n1"
"Minisytravon-Counterscreen-washed.261","NCGC00122119-01","activity-counterscreen","null",4.000,14.042,"O=C(NCc1c(OC)cccc1)Cn1nc2-c3c(C)c(C(=O)N4CCOCC4)oc3CCc2c1"
"Minisytravon-Counterscreen-washed.262","NCGC00128756-01","activity-counterscreen","null",4.000,1.162,"O=C(NC(C)c1ccccc1)c1sc(N2c3c(Oc4c(cccc4)C2)nccc3)cc1"
"Minisytravon-Counterscreen-washed.263","NCGC00125964-01","activity-counterscreen","null",4.000,7.833,"Clc1ccc(NC(=O)CN2C(=O)C(CNc3ccc(CC)cc3)=Cc3c2cc2OCOc2c3)cc1"
"Minisytravon-Counterscreen-washed.264","NCGC00131372-01","activity-counterscreen","null",4.000,3.795,"O(CC)c1c(OC)cc(CN2Cc3c(nc(N4CCN(c5ncccc5)CC4)nc3)CC2)cc1"
"Minisytravon-Counterscreen-washed.265","NCGC00118455-01","activity-counterscreen","null",4.000,11.380,"Clc1c(Cc2c(C)n(-c3sc(C(=O)N4CCC(C)CC4)c(C)n3)nc2C)cccc1"
"Minisytravon-Counterscreen-washed.266","NCGC00103897-02","activity-counterscreen","null",4.000,-22.885,"Brc1cc(NC(=O)CCS(=O)(=O)c2nc(C(F)(F)F)cc(-c3sccc3)n2)c(O)cc1"
"Minisytravon-Counterscreen-washed.267","NCGC00101016-01","activity-counterscreen","null",4.000,-8.032,"O=C(OC)c1ccc([C@@]2Nc3c(C)cc(C)cc3[C@@]3C=CC[C@]23)cc1"
"Minisytravon-Counterscreen-washed.268","NCGC00102307-01","activity-counterscreen","null",4.000,0.000,"S(CCN(CC)CC)c1nnc2c(n(C)c3c2cc(F)cc3)n1"
"Minisytravon-Counterscreen-washed.269","NCGC00123424-01","activity-counterscreen","null",4.000,0.000,"O=C(Nc1c(CC)cccc1)COCc1noc(-c2occc2)c1"
"Minisytravon-Counterscreen-washed.270","NCGC00103020-01","activity-counterscreen","null",4.000,0.000,"Clc1c(CSc2oc([C@@](N)CC(C)C)nn2)ccc(Cl)c1"
"Minisytravon-Counterscreen-washed.271","NCGC00108244-01","activity-counterscreen","null",4.000,0.000,"Brc1ccc(S(=O)(=O)n2c(/C=C/c3ccc(OCC)cc3)nc3c2cccc3)cc1"
"Minisytravon-Counterscreen-washed.272","NCGC00113751-01","activity-counterscreen","null",4.000,0.000,"O=C(OC)c1c(-n2c(C)ccc2C)c2c(s1)nccc2"
"Minisytravon-Counterscreen-washed.273","NCGC00142050-01","activity-counterscreen","null",4.000,0.000,"Clc1c(OCC)cc(S(=O)(=O)n2c(C(C)C)ncc2)cc1"
"Minisytravon-Counterscreen-washed.274","NCGC00110863-01","activity-counterscreen","null",4.000,0.000,"S(=O)(=O)(N1CCC(c2oc(-c3ccc(C)cc3)nn2)CC1)c1ccc(NC(=O)C)cc1"
"Minisytravon-Counterscreen-washed.275","NCGC00126252-01","activity-counterscreen","null",4.000,0.000,"Fc1c(-n2c(c(C(=O)NCCCOC)cn2)C2CCNCC2)ccc(F)c1"
"Minisytravon-Counterscreen-washed.276","NCGC00139765-02","activity-counterscreen","0.562341",1.400,0.000,"O=C(N(C(C(=O)NCc1occc1)c1ccc(C)cc1)c1ccc(C(C)C)cc1)/C=C\C(=O)Nc1ccc(OC)cc1"
"Minisytravon-Counterscreen-washed.277","NCGC00107681-01","activity-counterscreen","null",4.000,0.000,"O=C(Nc1cc2SC(=O)Nc2cc1)COc1c(C)cccc1"
"Minisytravon-Counterscreen-washed.278","NCGC00118330-01","activity-counterscreen","null",4.000,8.907,"O=C(Nc1c(OC)ccc(OC)c1)c1nnsc1"
"Minisytravon-Counterscreen-washed.279","NCGC00124906-01","activity-counterscreen","null",4.000,0.000,"Fc1ccc(-n2c(-n3cccc3)c(C(=O)N(CC)Cc3ccccc3)cn2)cc1"
"Minisytravon-Counterscreen-washed.280","NCGC00102522-01","activity-counterscreen","null",4.000,0.000,"Brc1ccc(CSc2c(C#N)ccc(-c3sccc3)n2)cc1"
"Minisytravon-Counterscreen-washed.281","NCGC00129498-01","activity-counterscreen","0.501187",-1.200,0.000,"S(=O)(=O)(Nc1c(C)cc2N(C)C(=O)C(=O)N(C)c2c1)c1cc(C#N)ccc1"
"Minisytravon-Counterscreen-washed.282","NCGC00114988-02","activity-counterscreen","null",4.000,0.000,"Clc1c(C(=O)N2CCN(c3cc(Cl)ccc3)CC2)nc(S(=O)(=O)C)nc1"
"Minisytravon-Counterscreen-washed.283","NCGC00104630-01","activity-counterscreen","null",4.000,6.594,"Clc1ccc(S(=O)(=O)c2c(SC(C)C)oc(-c3sccc3)n2)cc1"
"Minisytravon-Counterscreen-washed.284","NCGC00117667-01","activity-counterscreen","null",4.000,0.000,"O=C(NC(C)c1onc(-c2c(C)cccc2)n1)c1occc1"
"Minisytravon-Counterscreen-washed.285","NCGC00122516-01","activity-counterscreen","null",4.000,0.000,"S(Cc1ccc(F)cc1)c1nc(-c2ccc(CC)cc2)nc2Oc3c(C)ncc(CO)c3Cc12"
"Minisytravon-Counterscreen-washed.286","NCGC00135069-01","activity-counterscreen","null",4.000,0.000,"S(=O)(=O)(N1C(CC)CCCC1)c1cc2c(N(C(=O)C)CCC2)cc1"
"Minisytravon-Counterscreen-washed.287","NCGC00117313-01","activity-counterscreen","null",4.000,0.000,"Clc1ccc(OCC(=O)N(Cc2oc(C)cc2)Cc2occc2)cc1"
"Minisytravon-Counterscreen-washed.288","NCGC00111746-01","activity-counterscreen","null",4.000,0.000,"O=C1N(Cc2occc2)C(=O)c2sc3c(c2N1Cc1ccc(C)cc1)cccc3"
"Minisytravon-Counterscreen-washed.289","NCGC00118297-01","activity-counterscreen","null",4.000,0.000,"S(CC(=O)c1ccc(F)cc1)c1n2-c3c(C)cc(C)cc3C(C)=Cc2nn1"
"Minisytravon-Counterscreen-washed.290","NCGC00133002-01","activity-counterscreen","null",4.000,5.165,"Clc1ccc(C(=O)n2c(C)c(S(=O)(=O)N3CCOCC3)c(C)n2)cc1"
"Minisytravon-Counterscreen-washed.291","NCGC00135613-01","activity-counterscreen","null",4.000,0.000,"O=C(Nc1ccc(Nc2ncnc3sc4c(c23)CCCC4)cc1)C"
"Minisytravon-Counterscreen-washed.292","NCGC00139254-01","activity-counterscreen","null",4.000,0.000,"O(C)c1ccc(-n2ncc3c(NC4CCCC4)ncnc23)cc1"
"Minisytravon-Counterscreen-washed.293","NCGC00127548-01","activity-counterscreen","null",4.000,5.949,"S(=O)(=O)(CCC(=O)N(C(C)C)Cc1ccccc1)c1cc2OC(=O)N(C)c2cc1"
"Minisytravon-Counterscreen-washed.294","NCGC00125491-01","activity-counterscreen","null",4.000,3.206,"S(=O)(=O)(Cc1c(C)oc(-c2ccc(C(=O)NCCCOC(C)C)cc2)n1)c1ccccc1"
"Minisytravon-Counterscreen-washed.295","NCGC00124019-01","activity-counterscreen","null",4.000,8.865,"Clc1cc(NC(=O)NC(CC)c2c(-n3cccc3)sc3c2CCN(C)C3)c(OC)cc1"
"Minisytravon-Counterscreen-washed.296","NCGC00126083-01","activity-counterscreen","null",4.000,15.950,"Clc1ccc(CCNC(=O)C2CN(c3nnc(C)c4c(C)n(-c5ccccc5)nc34)CCC2)cc1"
"Minisytravon-Counterscreen-washed.297","NCGC00128767-01","activity-counterscreen","null",4.000,-12.193,"S(CC(=O)Nc1cc(C)ccc1)C1=NC(c2occc2)=NC=2N1NC(=O)C=2"
"Minisytravon-Counterscreen-washed.298","NCGC00111750-01","activity-counterscreen","null",4.000,8.992,"FC(F)(F)c1cc(CN2C(=O)N(Cc3occc3)C(=O)c3sc4c(c23)cccc4)ccc1"
"Minisytravon-Counterscreen-washed.299","NCGC00138356-01","activity-counterscreen","null",4.000,9.524,"Clc1ccc(C(=O)c2c(N)c(C(=O)NCCc3ccccc3)c(Nc3c(OCC)cccc3)s2)cc1"
"Minisytravon-Counterscreen-washed.300","NCGC00120344-01","activity-counterscreen","null",4.000,6.269,"S(=O)(=O)(N(Cc1ccccc1)C)c1cc2N(C)C(=O)CC(=O)N(C)c2cc1"
"Minisytravon-Counterscreen-washed.301","NCGC00139624-01","activity-counterscreen","null",4.000,-11.410,"O(CC)c1c(OC)cc(C2N(CCC)C(=O)CN(C2=O)C2CCCCCC2)cc1"
"Minisytravon-Counterscreen-washed.302","NCGC00164985-01","activity-counterscreen","0.316228",1.400,18.409,"S(CC(=O)Nc1ccc(OC)cc1)c1c2c(n(CCNC(=O)c3c(F)cccc3F)c1)cccc2"
"Minisytravon-Counterscreen-washed.303","NCGC00124045-01","activity-counterscreen","null",4.000,-10.223,"O=C(NC(CCC(C)C)c1c(-n2cccc2)sc2c1CCN(C)C2)NCCCOCC"
"Minisytravon-Counterscreen-washed.304","NCGC00135720-01","activity-counterscreen","null",4.000,11.844,"S(CC(=O)NCc1occc1)C=1N(c2ccc(OCC)cc2)C(=O)c2[nH]c3c(c2N=1)cccc3"
"Minisytravon-Counterscreen-washed.305","NCGC00101372-01","activity-counterscreen","null",4.000,13.134,"S(CC(=O)Nc1c(C)cc(C)cc1)c1nc(C(F)(F)F)cc(-c2occc2)n1"
"Minisytravon-Counterscreen-washed.306","NCGC00110925-01","activity-counterscreen","null",4.000,0.794,"S(=O)(=O)(N1CCC(c2oc(-c3c(C)cccc3)nn2)CC1)c1c(OC)cc(OC)cc1"
"Minisytravon-Counterscreen-washed.307","NCGC00107004-01","activity-counterscreen","null",4.000,11.812,"Fc1ccc(NC(=O)c2c(N)c3c(c(C(=O)Nc4c(C)cc(C)cc4)c(C)nc3s2)-c2oc(C)cc2)cc1"
"Minisytravon-Counterscreen-washed.308","NCGC00108109-01","activity-counterscreen","null",4.000,-8.216,"Brc1c(C)cc(NC(=O)CCS(=O)(=O)c2cc3c(N(C(=O)CC)C(C)C3)cc2)cc1"
"Minisytravon-Counterscreen-washed.309","NCGC00107626-01","activity-counterscreen","null",4.000,10.251,"S(CC(=O)Nc1cc(OC)c(OC)cc1)c1c(-c2ccccc2)[nH]c(-c2cc(C)ccc2)n1"
"Minisytravon-Counterscreen-washed.310","NCGC00125634-02","activity-counterscreen","null",4.000,16.521,"O=C(NCCc1c(OC)cc(OC)cc1)CN1C(=O)c2nn(c(C)c2C(C)=N1)-c1ccc(C)cc1"
"Minisytravon-Counterscreen-washed.311","NCGC00100674-01","activity-counterscreen","null",4.000,-17.375,"S(=O)(=O)(Nc1nc(C)nc(C)c1)c1ccc(NC(=O)COc2cc(CC)ccc2)cc1"
"Minisytravon-Counterscreen-washed.312","NCGC00103925-01","activity-counterscreen","null",4.000,0.867,"S(=O)(=O)(CCC(=O)Nc1ccc(OC)cc1)c1nc(C(F)(F)F)cc(-c2sccc2)n1"
"Minisytravon-Counterscreen-washed.313","NCGC00137572-01","activity-counterscreen","0.281838",1.400,11.541,"O=C(N(Cc1ccccc1)C)C1CCN(Cc2n(Cc3ccccc3)c3c(c2)cccc3)CC1"
"Minisytravon-Counterscreen-washed.314","NCGC00104784-01","activity-counterscreen","null",4.000,24.545,"S(CC(=O)N(CCC)CCC)C=1N(c2ccccc2)C(=O)c2c(sc3c2CCN(C(=O)C)C3)N=1"
"Minisytravon-Counterscreen-washed.315","NCGC00125993-01","activity-counterscreen","null",4.000,10.929,"O=C(NC1CCCCC1)C1CCN(c2nnc(C)c3c(C)n(-c4ccc(OC)cc4)nc23)CC1"
"Minisytravon-Counterscreen-washed.316","NCGC00116476-01","activity-counterscreen","null",4.000,12.921,"O(C)c1c(OC)cc(/C=C/c2oc(N3CCCCCC3)c(C#N)n2)cc1OC"
"Minisytravon-Counterscreen-washed.317","NCGC00107637-01","activity-counterscreen","null",4.000,3.485,"Brc1cc2C(CC)=Nc3c(Sc2cc1)ccc(C(=O)NC1CCCC1)c3"
"Minisytravon-Counterscreen-washed.318","NCGC00135242-01","activity-counterscreen","null",4.000,8.375,"Clc1c(C)ccc(NC(=O)CN2C(=O)C=CC(c3ccncc3)=N2)c1"
"Minisytravon-Counterscreen-washed.319","NCGC00138456-01","activity-counterscreen","null",4.000,17.049,"S(CC(=O)Nc1c(OC)ccc(OC)c1)C1=Nc2c(cccc2)C=2N1C(=O)C(CC(=O)NCc1occc1)N=2"
"Minisytravon-Counterscreen-washed.320","NCGC00135873-01","activity-counterscreen","null",4.000,3.234,"S(CC(=O)NCc1occc1)c1n(Cc2ccc(F)cc2)ccn1"
"Minisytravon-Counterscreen-washed.321","NCGC00119996-01","activity-counterscreen","null",4.000,0.000,"S(CC(=O)Nc1ccc(OC)cc1)Cc1c(n(-c2ccccc2)nc1)-n1cccc1"
"Minisytravon-Counterscreen-washed.322","NCGC00137127-01","activity-counterscreen","null",4.000,0.000,"Clc1c2nc(N3CCN(C(=O)c4occc4)CC3)sc2ccc1"
"Minisytravon-Counterscreen-washed.323","NCGC00133240-01","activity-counterscreen","null",4.000,0.000,"Clc1c(C)cc(NS(=O)(=O)c2n[nH]c(C(=O)OCC)c2)c(OC)c1"
"Minisytravon-Counterscreen-washed.324","NCGC00100842-01","activity-counterscreen","null",4.000,0.000,"S(=O)(=O)(c1c(N2CCCCC2)oc(-c2ccc(OC)cc2)n1)c1ccccc1"
"Minisytravon-Counterscreen-washed.325","NCGC00139061-01","activity-counterscreen","null",4.000,0.000,"Fc1ccc(-n2ncc3c(NC4CCCCCC4)ncnc23)cc1"
"Minisytravon-Counterscreen-washed.326","NCGC00116084-01","activity-counterscreen","null",4.000,0.000,"O=C(NCc1occc1)CCCc1onc(-c2cc(C)ccc2)n1"
"Minisytravon-Counterscreen-washed.327","NCGC00112238-01","activity-counterscreen","null",4.000,15.229,"O=C(NC1CCCCCC1)Cn1c(C)c(C(=O)OCC)c(C)c1-c1ccccc1"
"Minisytravon-Counterscreen-washed.328","NCGC00116199-01","activity-counterscreen","null",4.000,0.000,"S(=O)(=O)(n1c(NCc2ccccc2)nc(-c2occc2)n1)c1ccccc1"
"Minisytravon-Counterscreen-washed.329","NCGC00132444-01","activity-counterscreen","0.562341",-1.400,0.000,"Clc1ccc(-c2nc3SC=C(CC(=O)NCc4c(OC)cccc4)n3c2)cc1"
"Minisytravon-Counterscreen-washed.330","NCGC00137337-01","activity-counterscreen","null",4.000,0.000,"S(CC(=O)Nc1cc(F)ccc1)C1=NC(=O)N(Cc2occc2)C2=C1CCC2"
"Minisytravon-Counterscreen-washed.331","NCGC00107100-01","activity-counterscreen","null",4.000,2.525,"S(CC(=O)N1C(CC)CCCC1)c1oc(-c2cc(OC)c(OC)cc2)nn1"
"Minisytravon-Counterscreen-washed.332","NCGC00136096-01","activity-counterscreen","null",4.000,-4.735,"O(CCCNc1ncnc2n(C)nnc12)C"
"Minisytravon-Counterscreen-washed.333","NCGC00165012-01","activity-counterscreen","null",4.000,0.000,"Clc1ccc(-c2c(C)nn3C(c4occc4)=CC=Nc23)cc1"
"Minisytravon-Counterscreen-washed.334","NCGC00134069-01","activity-counterscreen","null",4.000,0.000,"Clc1c(/C=C/C(=O)Nc2c(C(=O)NC)c3c(s2)CCC3)cccc1"
"Minisytravon-Counterscreen-washed.335","NCGC00132042-01","activity-counterscreen","1.995262",1.400,8.285,"Clc1c(NC(=O)CN2C(=O)CCn3nc(-c4n(C)ccc4)cc23)ccc(C)c1"
"Minisytravon-Counterscreen-washed.336","NCGC00137376-01","activity-counterscreen","null",4.000,-0.140,"S(=O)(=O)(N1C(c2cc(F)c(F)cc2)c2n(ccc2)CC1)c1ccc(C(=O)C)cc1"
"Minisytravon-Counterscreen-washed.337","NCGC00118748-01","activity-counterscreen","null",4.000,0.000,"S(CCOc1ccccc1)c1sc2c(n1)ccc(NC(=O)c1occc1)c2"
"Minisytravon-Counterscreen-washed.338","NCGC00106127-01","activity-counterscreen","null",4.000,0.000,"N(c1c(-c2occc2)nc2n1C=CC(C)=C2)c1cc2OCOc2cc1"
"Minisytravon-Counterscreen-washed.339","NCGC00106970-01","activity-counterscreen","null",4.000,0.000,"Clc1ccc(-c2[nH]c(SCC(=O)Nc3cc(OCC)ccc3)nc2)cc1"
"Minisytravon-Counterscreen-washed.340","NCGC00125724-01","activity-counterscreen","null",4.000,0.000,"Clc1c(CNC(=O)CN2C(=O)c3nn(c(C)c3C(C)=N2)-c2ccccc2)cccc1"
"Minisytravon-Counterscreen-washed.341","NCGC00102567-01","activity-counterscreen","null",4.000,0.000,"S(Cc1onc(-c2cc(OC)c(OC)cc2)n1)C1=NC(C)=CC(=O)N1"
"Minisytravon-Counterscreen-washed.342","NCGC00119746-02","activity-counterscreen","2.238721",-1.400,0.000,"Clc1ccc(C=2Nc3n(C(c4ccc(F)cc4)C=2)nc(NC(=O)c2ccc([N+](=O)[O-])cc2)n3)cc1"
"Minisytravon-Counterscreen-washed.343","NCGC00115676-01","activity-counterscreen","null",4.000,0.000,"O=C(NCCc1n(Cc2ccccc2)c2c(n1)cccc2)c1occc1"
"Minisytravon-Counterscreen-washed.344","NCGC00132014-01","activity-counterscreen","null",4.000,0.000,"O=C(Nc1ccc(OC)cc1)CN1C(=O)CCn2nc(-c3n(C)ccc3)cc12"
"Minisytravon-Counterscreen-washed.345","NCGC00112066-01","activity-counterscreen","null",4.000,0.000,"Clc1c(CNC(=O)c2n(Cc3ccc(C)cc3)c3c(scc3)c2)cccc1"
"Minisytravon-Counterscreen-washed.346","NCGC00140007-01","activity-counterscreen","null",4.000,0.000,"O=C(NCc1cc(OC)c(OCC)cc1)CCCc1c2c(n(C)c1)cccc2"
"Minisytravon-Counterscreen-washed.347","NCGC00114396-01","activity-counterscreen","null",4.000,0.000,"N1(c2nc3c(cn2)CNCC3)CCN(c2ncccn2)CC1"
"Minisytravon-Counterscreen-washed.348","NCGC00098567-01","activity-counterscreen","null",4.000,3.201,"FC(F)(F)C(=O)Nc1c(C(=O)Nc2ccc(OC)cc2)c2c(s1)CCCCC2"
"Minisytravon-Counterscreen-washed.349","NCGC00120108-01","activity-counterscreen","null",4.000,15.262,"Clc1ccc(CCNC(=O)c2c(Sc3ccccc3)c3c([nH]2)cc(OC)cc3)cc1"
"Minisytravon-Counterscreen-washed.350","NCGC00109561-01","activity-counterscreen","null",4.000,7.237,"Clc1c(-c2oc(C)c(CS(=O)CC(=O)NCCc3ccc(C)cc3)n2)cccc1"
"Minisytravon-Counterscreen-washed.351","NCGC00117483-01","activity-counterscreen","0.177828",1.400,4.528,"Clc1c(C(=O)NCc2ccccc2)nc(S(=O)(=O)Cc2cc(C)ccc2)nc1"
"Minisytravon-Counterscreen-washed.352","NCGC00107334-01","activity-counterscreen","null",4.000,8.735,"S(=O)(=O)(Nc1c(N2CCOCC2)cc2N(C)C(=O)N(C)c2c1)c1c(C)cc(C)cc1"
"Minisytravon-Counterscreen-washed.353","NCGC00134269-01","activity-counterscreen","null",4.000,15.435,"S(CC(=O)NCc1occc1)c1nc(-c2cc(F)ccc2)nc2N(C)C(=O)N(C)C(=O)c12"
"Minisytravon-Counterscreen-washed.354","NCGC00117575-01","activity-counterscreen","null",4.000,-13.333,"O=C(C)c1ccc(NC=2n3nc(-c4ccc(OC)cc4)nc3N=C(C)C=2)cc1"
"Minisytravon-Counterscreen-washed.355","NCGC00131435-01","activity-counterscreen","null",4.000,-2.025,"C(N1Cc2c(nc(N3CCN(c4ncccn4)CC3)nc2)CC1)c1ccc(C)cc1"
"Minisytravon-Counterscreen-washed.356","NCGC00132116-01","activity-counterscreen","null",4.000,2.281,"O=C(NCc1ccc(OC(C)C)cc1)CCCN1C(=O)CCn2nc(-c3n(C)ccc3)cc12"
"Minisytravon-Counterscreen-washed.357","NCGC00120747-01","activity-counterscreen","null",4.000,19.367,"O=C(NCC(N1CCN(c2c(OC)cccc2)CC1)c1cnccc1)C(=O)NCCOC"
"Minisytravon-Counterscreen-washed.358","NCGC00105732-01","activity-counterscreen","null",4.000,14.080,"O=C(Nc1c(C(=O)N)c2c(s1)CCCC2)c1noc2c1CCCC2"
"Minisytravon-Counterscreen-washed.359","NCGC00118415-01","activity-counterscreen","null",4.000,23.159,"Fc1c(C(=O)Oc2ccc(C=3C=C(OCC)c4c(C)oc(C)c4C(=O)C=3)cc2)cccc1"
"Minisytravon-Counterscreen-washed.360","NCGC00128440-01","activity-counterscreen","null",4.000,8.991,"S(=O)(=O)(CCC(=O)N1CC(C)N(c2cc(C)ccc2)CC1)c1cc2c(N(C)C(=O)C2)cc1"
"Minisytravon-Counterscreen-washed.361","NCGC00104028-01","activity-counterscreen","31.622777",-2.400,-61.968,"O=C(O)CCCNc1c2C(=O)c3c(-c4onc(c(N5CCN(C6CCCCC6)CC5)c1)c24)cccc3"
"Minisytravon-Counterscreen-washed.362","NCGC00120252-01","activity-counterscreen","null",4.000,9.144,"O=C(NCCCN(CCCC)CC)c1c(-n2cccc2)c2c(C)cc(C)nc2s1"
"Minisytravon-Counterscreen-washed.363","NCGC00140737-01","activity-counterscreen","null",4.000,28.470,"O=C(Nc1ccc(OCC)cc1)c1c(NCc2sccc2)sc2c1CCCCC2"
"Minisytravon-Counterscreen-washed.364","NCGC00104143-01","activity-counterscreen","null",4.000,6.329,"Clc1c(C(=O)/N=C/2\N(Cc3occc3)C=3N=C4N(C(=O)C=3C=C\2C(=O)OCC)C=CC=C4)c(F)ccc1"
"Minisytravon-Counterscreen-washed.365","NCGC00113417-01","activity-counterscreen","null",4.000,6.008,"O=C(NC(Cc1occc1)C)C1CCN(C=2C(C)=C(S(=O)(=O)N=2)c2cc(C)c(C)cc2)CC1"
"Minisytravon-Counterscreen-washed.366","NCGC00126078-01","activity-counterscreen","null",4.000,-5.323,"O=C(Nc1ccc(C(=O)C)cc1)CN1C(=O)C(CNc2ccccc2)=Cc2c1cc(OC)cc2"
"Minisytravon-Counterscreen-washed.367","NCGC00137620-01","activity-counterscreen","null",4.000,0.815,"Fc1ccc(N2CCN(c3c(C(=O)O)cc(NC(=O)c4sccc4)cc3)CC2)cc1"
"Minisytravon-Counterscreen-washed.368","NCGC00115775-04","activity-counterscreen","null",4.000,21.828,"S(=O)(=O)(CC(C)C)c1c(S(=O)(=O)c2ccccc2)nc(-c2ccc(F)cc2)o1"
"Minisytravon-Counterscreen-washed.369","NCGC00141841-01","activity-counterscreen","null",4.000,7.192,"Clc1cc(S(=O)(=O)N2CCN(CC(=O)Nc3ccc(N(CC)CC)cc3)CC2)c(OC)cc1"
"Minisytravon-Counterscreen-washed.370","NCGC00119635-01","activity-counterscreen","null",4.000,-10.852,"O=C1N(C(=O)NC(O)=C1C1=Nc2c(SC(c3ccc(N(C)C)cc3)C1)cccc2)C1CCCCC1"
"Minisytravon-Counterscreen-washed.371","NCGC00107968-01","activity-counterscreen","null",4.000,6.083,"Clc1ccc(-n2ncc3C(=O)N(c4cc(OC)ccc4)C(c4occc4)=Nc23)cc1"
"Minisytravon-Counterscreen-washed.372","NCGC00164935-01","activity-counterscreen","null",4.000,11.925,"S(Cc1cc(F)ccc1)c1c2c(n(CCNC(=O)c3cc(C(F)(F)F)ccc3)c1)cccc2"
"Minisytravon-Counterscreen-washed.373","NCGC00134281-01","activity-counterscreen","null",4.000,16.409,"O(C)c1ccc(C=2C(=O)Oc3c(CN4CC(C)CCC4)c(O)ccc3C=2)cc1"
"Minisytravon-Counterscreen-washed.374","NCGC00101556-01","activity-counterscreen","null",4.000,-8.340,"FC(F)C=1n2nc(C(=O)Nc3ccc(C(C)C)cc3)nc2N=C(C)C=1"
"Minisytravon-Counterscreen-washed.375","NCGC00104518-01","activity-counterscreen","null",4.000,0.000,"N(c1c(-c2occc2)nc2n1C=CC=C2)c1cc2OCCOc2cc1"
"Minisytravon-Counterscreen-washed.376","NCGC00133672-01","activity-counterscreen","null",4.000,0.000,"S(CC=1Nc2c(C)c(C)ccc2C(=O)C=1)c1[nH]c(-c2cc(OC)ccc2)nn1"
"Minisytravon-Counterscreen-washed.377","NCGC00119648-01","activity-counterscreen","null",4.000,0.000,"O=C(Nc1nn2C(c3ccc(OC)cc3)C=C(c3ccccc3)Nc2n1)C"
"Minisytravon-Counterscreen-washed.378","NCGC00131571-01","activity-counterscreen","null",4.000,0.000,"S(=O)(=O)(NCc1n(Cc2cc(C)ccc2)ccc1)c1ccc(NC(=O)C)cc1"
"Minisytravon-Counterscreen-washed.379","NCGC00118901-01","activity-counterscreen","3.548134",1.400,3.241,"O=[N+]([O-])c1cc(C(=O)N2CCN(CCc3ccncc3)CC2)ccc1"
"Minisytravon-Counterscreen-washed.380","NCGC00164902-01","activity-counterscreen","null",4.000,0.000,"C(C)c1c(-c2ccccc2)c2n(C(c3occc3)=CC=N2)n1"
"Minisytravon-Counterscreen-washed.381","NCGC00135979-01","activity-counterscreen","null",4.000,0.000,"S(=O)(=O)(NCCc1c(C)nc(C)s1)c1c(OC)ccc(OC)c1"
"Minisytravon-Counterscreen-washed.382","NCGC00105610-01","activity-counterscreen","null",4.000,0.000,"O=C(Nc1c(C#N)c(CC)c(C)s1)c1noc(CC)c1"
"Minisytravon-Counterscreen-washed.383","NCGC00136870-01","activity-counterscreen","null",4.000,0.000,"S(CC(=O)N1CCCCC1)c1sc(NC(=O)Nc2ccccc2)nn1"
"Minisytravon-Counterscreen-washed.384","NCGC00110864-01","activity-counterscreen","null",4.000,0.000,"O=C(Nc1ccc(-c2nc3n(c2)C=CC=N3)cc1)c1c(OC)c(OC)ccc1"
"Minisytravon-Counterscreen-washed.385","NCGC00116165-01","activity-counterscreen","null",4.000,5.400,"O=C(n1c(NCc2sccc2)nc(-c2occc2)n1)c1ccccc1"
"Minisytravon-Counterscreen-washed.386","NCGC00137187-01","activity-counterscreen","null",4.000,0.000,"S(CC(=O)NCc1ccc(C)cc1)C1=NC(=O)N(Cc2occc2)C2=C1CCC2"
"Minisytravon-Counterscreen-washed.387","NCGC00101993-01","activity-counterscreen","null",4.000,0.000,"S(CCC(=O)Nc1c(C)cc(F)cc1)c1nc(C(F)(F)F)cc(-c2occc2)n1"
"Minisytravon-Counterscreen-washed.388","NCGC00142011-01","activity-counterscreen","null",4.000,0.000,"Clc1ccc(-c2oc(C)c(CS(=O)CC(=O)NCCc3ccccc3)n2)cc1"
"Minisytravon-Counterscreen-washed.389","NCGC00101316-01","activity-counterscreen","null",4.000,0.000,"Fc1c(C2N=C(O)c3c(sc4c3CCN(C(=O)OCC)C4)N2)cccc1"
"Minisytravon-Counterscreen-washed.390","NCGC00099370-01","activity-counterscreen","0.112202",-1.200,0.000,"Brc1cc(-c2n(-c3c(C#N)c4c(s3)CCCCC4)ncn2)ccc1"
"Minisytravon-Counterscreen-washed.391","NCGC00132273-01","activity-counterscreen","null",4.000,0.000,"S(CC(=O)NCc1occc1)c1n(Cc2ccc(OC)cc2)c(CO)cn1"
"Minisytravon-Counterscreen-washed.392","NCGC00131251-01","activity-counterscreen","null",4.000,0.000,"S(=O)(=O)(Nc1c(OC)cc2N(C)C(=O)N(C)c2c1)c1cc(C#N)ccc1"
"Minisytravon-Counterscreen-washed.393","NCGC00137313-01","activity-counterscreen","null",4.000,0.000,"Clc1c(CNC(=O)CSC2=NC(=O)N(Cc3occc3)C3=C2CCC3)cccc1"
"Minisytravon-Counterscreen-washed.394","NCGC00131278-01","activity-counterscreen","null",4.000,7.631,"C(CN1Cc2c(nc(N3CCN(CC)CC3)nc2)CC1)(C)C"
"Minisytravon-Counterscreen-washed.395","NCGC00135797-01","activity-counterscreen","null",4.000,0.000,"O=C(NCCc1c(C)nc(-c2ccc(C)cc2)s1)c1occc1"
"Minisytravon-Counterscreen-washed.396","NCGC00131245-01","activity-counterscreen","null",4.000,0.000,"O(CC)c1c(NC=2n3nc(-c4occc4)nc3N=C(C)C=2)cc(OCC)cc1"
"Minisytravon-Counterscreen-washed.397","NCGC00118322-01","activity-counterscreen","null",4.000,0.000,"S(=O)(=O)(N)c1ccc(NC(=O)c2nnsc2)cc1"
"Minisytravon-Counterscreen-washed.398","NCGC00106059-01","activity-counterscreen","null",4.000,0.000,"O(C)c1ccc(Nc2c(-c3occc3)nc3n2C(C)=CC=C3)cc1"
"Minisytravon-Counterscreen-washed.399","NCGC00118047-01","activity-counterscreen","null",4.000,-12.090,"Brc1ccc(-c2oc(CNCCCSc3n(C)nnn3)cc2)cc1"
"Minisytravon-Counterscreen-washed.400","NCGC00131950-01","activity-counterscreen","null",4.000,0.000,"Fc1c(-c2nn3C(CCNC(=O)c4occc4)=CSc3n2)cccc1"
"Minisytravon-Counterscreen-washed.401","NCGC00131290-01","activity-counterscreen","null",4.000,6.047,"C(C)N1CCN(c2nc3c(cn2)CN(Cc2c(C)ccs2)CC3)CC1"
"Minisytravon-Counterscreen-washed.402","NCGC00106866-01","activity-counterscreen","null",4.000,0.000,"Brc1oc(-c2c(Nc3c(C)cccc3)n3c(n2)C=CC(Cl)=C3)cc1"
"Minisytravon-Counterscreen-washed.403","NCGC00141589-01","activity-counterscreen","null",4.000,-0.273,"O=C(Nc1ccc(C(=O)OC)cc1)CC1N(Cc2occc2)C(=O)N(c2ccccc2)C1=O"
"Minisytravon-Counterscreen-washed.404","NCGC00104568-01","activity-counterscreen","0.316228",1.400,8.608,"S(=O)(=O)(c1c(SC(C)c2ccccc2)oc(-c2sccc2)n1)c1ccccc1"
"Minisytravon-Counterscreen-washed.405","NCGC00140423-01","activity-counterscreen","null",4.000,10.546,"O=C(Nc1c(OC)ccc(OC)c1)CN1C(=O)c2c(Sc3c1cc(C(=O)N1CCCC1)cc3)cccc2"
"Minisytravon-Counterscreen-washed.406","NCGC00140771-01","activity-counterscreen","null",4.000,3.732,"O=C(OCC)N1Cc2sc(NCc3sccc3)c(C(=O)Nc3c(OC)ccc(OC)c3)c2CC1"
"Minisytravon-Counterscreen-washed.407","NCGC00117828-01","activity-counterscreen","null",4.000,-5.769,"S(=O)(=O)(C)c1nc(C(=O)Nc2c(F)cccc2)c(N(Cc2sccc2)Cc2occc2)cn1"
"Minisytravon-Counterscreen-washed.408","NCGC00104998-01","activity-counterscreen","null",4.000,8.774,"S(CC(=O)Nc1cc(F)c(C)cc1)C=1N(Cc2occc2)C(=O)c2oc3c(c2N=1)cccc3"
"Minisytravon-Counterscreen-washed.409","NCGC00133005-01","activity-counterscreen","null",4.000,2.901,"Clc1c(NC(=O)c2c3N(CC)C4=C(C(=O)n3nc2)CN(Cc2ccc(OC)cc2)CC4)ccc(F)c1"
"Minisytravon-Counterscreen-washed.410","NCGC00101915-01","activity-counterscreen","null",4.000,15.091,"O(C)c1c(O)ccc(C2N(CCCN3CCOCC3)C(=O)C=3Oc4c(C(=O)C2=3)cc(C)c(C)c4)c1"
"Minisytravon-Counterscreen-washed.411","NCGC00115102-01","activity-counterscreen","0.316228",1.400,15.558,"Clc1c(C(=O)N(Cc2occc2)Cc2ccccc2)nc(S(=O)(=O)CCC)nc1"
"Minisytravon-Counterscreen-washed.412","NCGC00140610-01","activity-counterscreen","null",4.000,9.509,"O=C(OC)c1ccc(NC(=O)c2c(NCc3cc(OC)c(OC)cc3)sc3c2CCCC3)cc1"
"Minisytravon-Counterscreen-washed.413","NCGC00128936-01","activity-counterscreen","null",4.000,11.345,"O=C(NCc1oc(C)cc1)c1cc2c(C)c(C)n(Cc3ccccc3)c2cc1"
"Minisytravon-Counterscreen-washed.414","NCGC00113456-01","activity-counterscreen","null",4.000,14.710,"S(Cc1ccc(F)cc1)c1[nH]c2c(n1)ccc(C(=O)NCc1ccc(C)cc1)c2"
"Minisytravon-Counterscreen-washed.415","NCGC00141963-01","activity-counterscreen","null",4.000,5.134,"Brc1c(OC)cc(S(=O)(=O)NCCc2c(C)[nH]c3c2cc(C)cc3)cc1"
"Minisytravon-Counterscreen-washed.416","NCGC00111709-01","activity-counterscreen","null",4.000,11.837,"S(CC(=O)Nc1cc(C(=O)O)ccc1)c1nc(-c2ccc(F)cc2)nc2Oc3c(cccc3)Cc12"
"Minisytravon-Counterscreen-washed.417","NCGC00104506-01","activity-counterscreen","null",4.000,1.884,"Clc1ccc(C(=O)CSc2c(S(=O)(=O)c3ccccc3)nc(-c3ccc(F)cc3)o2)cc1"
"Minisytravon-Counterscreen-washed.418","NCGC00137648-01","activity-counterscreen","null",4.000,10.755,"Clc1ccc(C(=O)Nc2cc(C(=O)O)c(N3CC(c4ccccc4)CC3)cc2)cc1"
"Minisytravon-Counterscreen-washed.419","NCGC00116058-01","activity-counterscreen","null",4.000,9.371,"O=C(OC=1c2c(C)oc(C)c2C(=O)C=C(c2cc3OCOc3cc2)C=1)c1ccc(OC)cc1"
"Minisytravon-Counterscreen-washed.420","NCGC00099313-01","activity-counterscreen","null",4.000,-7.643,"S(=O)(=O)(CC(O)CSc1c(C#N)c(-c2ccccc2)cc(-c2ccc(C)cc2)n1)Cc1ccccc1"
"Minisytravon-Counterscreen-washed.421","NCGC00098259-01","activity-counterscreen","null",4.000,13.204,"Clc1c(-c2oc3c(n2)cc(Cl)cc3)cc(NC(=O)/C=C/c2occc2)cc1"
"Minisytravon-Counterscreen-washed.422","NCGC00122460-01","activity-counterscreen","null",4.000,7.611,"S(CC(=O)N(CC)CC)c1nc(-c2c(F)cccc2)nc2Oc3c(C)ncc(CO)c3Cc12"
"Minisytravon-Counterscreen-washed.423","NCGC00124057-01","activity-counterscreen","null",4.000,4.425,"Brc1ccc(NC(=O)NC(C)c2c(-n3cccc3)sc3c2CCN(CC)C3)cc1"
"Minisytravon-Counterscreen-washed.424","NCGC00113830-01","activity-counterscreen","null",4.000,10.568,"S(Cc1c(C)ccc(C)c1)c1n(Cc2c(C)oc(-c3cc(C)ccc3)n2)c2c(n1)ccnc2"
"Minisytravon-Counterscreen-washed.425","NCGC00140677-01","activity-counterscreen","null",4.000,-16.223,"O=C(Nc1c(OCC)cccc1)c1c(NCc2c(OC)c(OC)c(OC)cc2)sc2c1CCC(C)C2"
"Minisytravon-Counterscreen-washed.426","NCGC00103187-01","activity-counterscreen","0.251189",-1.400,0.000,"Clc1cc(-c2oc(C(=O)Nc3c4ncccc4ccc3)cc2)ccc1"
"Minisytravon-Counterscreen-washed.427","NCGC00126363-01","activity-counterscreen","null",4.000,6.816,"O=C(NCc1occc1)CN1C(=O)c2[nH]c3c(c2C=N1)cc(C)cc3"
"Minisytravon-Counterscreen-washed.428","NCGC00101149-01","activity-counterscreen","null",4.000,0.000,"O=C(Nc1ccccc1)C1=C(C)Nc2n(C1c1ccccc1)nc(-c1occc1)n2"
"Minisytravon-Counterscreen-washed.429","NCGC00121787-01","activity-counterscreen","0.112202",-1.400,0.000,"O=C(Nc1c(O)ccc(C)c1)c1onc(-c2c(O)cccc2)c1"
"Minisytravon-Counterscreen-washed.430","NCGC00103112-01","activity-counterscreen","null",4.000,0.000,"Clc1c(NC(=O)CSc2n(C)ccn2)cc(Cl)cc1"
"Minisytravon-Counterscreen-washed.431","NCGC00100362-01","activity-counterscreen","null",4.000,8.103,"O=C(NCc1occc1)C=1C(=N)N(CCOC)C=2N=C3N(C(=O)C=2C=1)C=C(C)C=C3"
"Minisytravon-Counterscreen-washed.432","NCGC00099348-01","activity-counterscreen","null",4.000,0.000,"O(C)c1c(-c2n(-c3c(C#N)c4c(s3)CCCCC4)ncn2)cccc1"
"Minisytravon-Counterscreen-washed.433","NCGC00102732-01","activity-counterscreen","null",4.000,10.514,"Clc1ccc(-c2n(Cc3ccccc3)cc3N(C)C(=O)N(C)C(=O)c23)cc1"
"Minisytravon-Counterscreen-washed.434","NCGC00115377-01","activity-counterscreen","null",4.000,0.000,"Clc1c(CN(C(=O)c2c(C)c3c(o2)ccc(F)c3)Cc2occc2)cccc1"
"Minisytravon-Counterscreen-washed.435","NCGC00134150-01","activity-counterscreen","null",4.000,0.000,"Clc1c(NC(=O)N2CCN(CC=3N=C4SC(c5c(OC)cccc5)=NN4C(=O)C=3)CC2)ccc(C)c1"
"Minisytravon-Counterscreen-washed.436","NCGC00111039-01","activity-counterscreen","null",4.000,0.000,"O=C1c2c(NC3CCCCC3)cc(NCC(C)C)c3noc(c23)-c2c1cccc2"
"Minisytravon-Counterscreen-washed.437","NCGC00122525-01","activity-counterscreen","null",4.000,6.634,"C(N1CCN(c2c(C)ccc(C)c2)CC1)c1cc(C)sc1"
"Minisytravon-Counterscreen-washed.438","NCGC00101773-01","activity-counterscreen","null",4.000,0.000,"Cc1c(-c2n3N=C(c4ccc(C)cc4)c4c(-c3nn2)cccc4)cccc1"
"Minisytravon-Counterscreen-washed.439","NCGC00100367-01","activity-counterscreen","null",4.000,0.000,"O=C(O)c1ccc(NC(=O)c2c(N)c3c(s2)nc2c(c3)CCCC2)cc1"
"Minisytravon-Counterscreen-washed.440","NCGC00164830-01","activity-counterscreen","null",4.000,-36.554,"Clc1c(C)ccc(NC(=O)CC2N(CC)CCOC2=O)c1"
"Minisytravon-Counterscreen-washed.441","NCGC00141220-01","activity-counterscreen","null",4.000,0.000,"Brc1cc(S(=O)(=O)n2c(CCC)ncc2)c(OC)cc1"
"Minisytravon-Counterscreen-washed.442","NCGC00118029-01","activity-counterscreen","null",4.000,0.000,"S(C(C(=O)OC)C)c1n2-c3c(C)cc(C)cc3C(C)=Cc2nn1"
"Minisytravon-Counterscreen-washed.443","NCGC00107655-01","activity-counterscreen","null",4.000,3.220,"O=C(Nc1c(OC)cc2N(C)C(=O)N(C)c2c1)c1c(C)cccc1"
"Minisytravon-Counterscreen-washed.444","NCGC00108886-01","activity-counterscreen","null",4.000,0.000,"Clc1ccc(-c2c(Nc3cc4OCOc4cc3)n3c(n2)C=C(C)C=C3)cc1"
"Minisytravon-Counterscreen-washed.445","NCGC00132540-01","activity-counterscreen","null",4.000,0.000,"S(=O)(=O)(Nc1ccc(-c2nnc(OC)cc2)cc1)c1ccc(C(=O)C)cc1"
"Minisytravon-Counterscreen-washed.446","NCGC00117139-01","activity-counterscreen","null",4.000,0.000,"Fc1c(C(=O)N2CCN(CC=3c4c(OC(=O)C=3)ccc(OC)c4)CC2)cccc1"
"Minisytravon-Counterscreen-washed.447","NCGC00118995-01","activity-counterscreen","null",4.000,0.000,"Clc1ccc(OCC(=O)N(Cc2oc(C)cc2)c2ncccc2)cc1"
"Minisytravon-Counterscreen-washed.448","NCGC00136902-01","activity-counterscreen","null",4.000,0.000,"S(CC(=O)NC)c1sc(NC(=O)Nc2ccccc2)nn1"
"Minisytravon-Counterscreen-washed.449","NCGC00112695-01","activity-counterscreen","0.199526",-1.400,0.000,"Oc1ccc(NC2=Nc3c(-n4c2nnc4)cccc3)cc1"
"Minisytravon-Counterscreen-washed.450","NCGC00105898-01","activity-counterscreen","null",4.000,0.000,"O=C1N(C)C(=O)c2nc3c(nc2N1C)cc(N(CC)CC)cc3"
"Minisytravon-Counterscreen-washed.451","NCGC00136682-01","activity-counterscreen","null",4.000,0.000,"Brc1oc(C(=O)NC2CN(c3cc(C)c(C)cc3)C(=O)C2)cc1"
"Minisytravon-Counterscreen-washed.452","NCGC00128445-01","activity-counterscreen","null",4.000,0.000,"O=C1N2N=C(CCCC)SC2=NC(CN(CC)c2ccccc2)=C1"
"Minisytravon-Counterscreen-washed.453","NCGC00121730-01","activity-counterscreen","null",4.000,0.000,"O=C(N(CC)c1c(OCC)cccc1)c1noc2-c3c(OCc12)ccc(C)c3"
"Minisytravon-Counterscreen-washed.454","NCGC00122035-01","activity-counterscreen","null",4.000,-27.090,"S(CC(=O)N(C)c1ccccc1)C1=NN=Cn2c3c(occ3)cc12"
"Minisytravon-Counterscreen-washed.455","NCGC00102360-01","activity-counterscreen","null",4.000,0.000,"S(=O)(=O)(n1c(CC)ncc1)c1c(OCC)cc(C)c(C(C)C)c1"
"Minisytravon-Counterscreen-washed.456","NCGC00113246-01","activity-counterscreen","null",4.000,0.000,"Fc1c(CNC(=O)c2cc3N(C)CCSc3cc2)cccc1"
"Minisytravon-Counterscreen-washed.457","NCGC00127584-01","activity-counterscreen","null",4.000,0.000,"S(=O)(=O)(CCC(=O)N(C)c1cc(C)ccc1)c1cc2OC(=O)N(C)c2cc1"
"Minisytravon-Counterscreen-washed.458","NCGC00100415-01","activity-counterscreen","null",4.000,0.000,"Clc1c(C)c(-n2c(CCC(=O)O)ccc2-c2sccc2)ccc1"
"Minisytravon-Counterscreen-washed.459","NCGC00121676-01","activity-counterscreen","null",4.000,-7.860,"FC(F)(F)c1cc(N(C(=O)c2noc3-c4c(OCc23)ccc(C)c4)C)ccc1"
"Minisytravon-Counterscreen-washed.460","NCGC00132313-01","activity-counterscreen","null",4.000,0.000,"O=C(Nc1c(OC)cccc1)C1=C(C)Nc2n(C1c1[nH]ccc1)ncn2"
"Minisytravon-Counterscreen-washed.461","NCGC00126530-01","activity-counterscreen","0.158489",-1.200,0.000,"Clc1c(OC)ccc(Nc2ncnc3onc(C)c23)c1"
"Minisytravon-Counterscreen-washed.462","NCGC00117311-01","activity-counterscreen","null",4.000,0.000,"Brc1c(C(=O)N(Cc2oc(C)cc2)Cc2occc2)cccc1"
"Minisytravon-Counterscreen-washed.463","NCGC00137292-01","activity-counterscreen","null",4.000,0.000,"O=C(C)N1C(c2cc(OC)ccc2)=C(C(=O)C)Sc2n1cnn2"
"Minisytravon-Counterscreen-washed.464","NCGC00118597-01","activity-counterscreen","null",4.000,13.316,"S(=O)(=O)(CC)n1c(NCc2ccc(C(C)C)cc2)nc(-c2occc2)n1"
"Minisytravon-Counterscreen-washed.465","NCGC00111882-01","activity-counterscreen","null",4.000,0.000,"Clc1c(NC(=O)c2noc(CN3CCCC3)c2)c(OC)cc(OC)c1"
"Minisytravon-Counterscreen-washed.466","NCGC00137537-01","activity-counterscreen","null",4.000,0.000,"S(CC)C=1N(CC)C(=O)c2[nH]c3c(c2N=1)cccc3"
"Minisytravon-Counterscreen-washed.467","NCGC00112632-01","activity-counterscreen","null",4.000,0.000,"FC(F)(F)c1ccc(NC(=O)C(Cc2ccccc2)n2cccc2)cc1"
"Minisytravon-Counterscreen-washed.468","NCGC00141280-01","activity-counterscreen","null",4.000,0.000,"O(CC)c1c(N)cc(-c2oc(CO)cc2)cc1"
"Minisytravon-Counterscreen-washed.469","NCGC00122080-01","activity-counterscreen","null",4.000,12.956,"O=C(NCCN(CCCC)CC)CN1C(=O)c2n(-c3c1nccc3)ccc2"
"Minisytravon-Counterscreen-washed.470","NCGC00164813-01","activity-counterscreen","null",4.000,0.000,"O=C(Nc1cc(OC)cc(OC)c1)CC1N(Cc2ccccc2)CCOC1=O"
"Minisytravon-Counterscreen-washed.471","NCGC00113693-01","activity-counterscreen","null",4.000,0.000,"O=C(OC)c1cc(NC(=O)c2nsc3c2cccc3)ccc1"
"Minisytravon-Counterscreen-washed.472","NCGC00118861-01","activity-counterscreen","null",4.000,-13.118,"O=C(N1CCN(CCc2ccncc2)CC1)c1ccc(OCCCC)cc1"
"Minisytravon-Counterscreen-washed.473","NCGC00141103-01","activity-counterscreen","null",4.000,0.000,"S(=O)(=O)(Nc1c2c(c3oc(C)c(C(=O)C)c3c1)cccc2)c1c(C)cc(C)cc1C"
"Minisytravon-Counterscreen-washed.474","NCGC00141264-01","activity-counterscreen","null",4.000,0.000,"O=C(O)CCc1n(c(-c2sccc2)cc1)-c1cc(C(=O)OC)ccc1"
"Minisytravon-Counterscreen-washed.475","NCGC00117895-01","activity-counterscreen","null",4.000,4.717,"S(CCNCc1oc(-c2ccc(F)cc2)cc1)c1n(-c2ccccc2)nnn1"
"Minisytravon-Counterscreen-washed.476","NCGC00102668-01","activity-counterscreen","0.251189",-1.400,0.000,"Clc1ccc(C(=O)c2c(N)c(C#N)c(Nc3cc(F)ccc3)s2)cc1"
"Minisytravon-Counterscreen-washed.477","NCGC00101679-01","activity-counterscreen","null",4.000,0.000,"O=C(O)Cc1c(-c2c(OC)ccc(OC)c2)nc(Nc2c(C)cccc2)s1"
"Minisytravon-Counterscreen-washed.478","NCGC00135957-01","activity-counterscreen","null",4.000,0.000,"S(=O)(=O)(NCCc1c(C)nc(C)s1)c1cc(C)c(C)cc1"
"Minisytravon-Counterscreen-washed.479","NCGC00112417-01","activity-counterscreen","null",4.000,0.000,"O=C(N(CCCOCC)Cc1occc1)c1sc2-c3c(C)cccc3OCc2c1"
"Minisytravon-Counterscreen-washed.480","NCGC00115515-01","activity-counterscreen","null",4.000,0.000,"S(Cc1onc(-c2ccc(C)cc2)n1)c1n(c(C)nn1)-c1ccc(F)cc1"
"Minisytravon-Counterscreen-washed.481","NCGC00102580-01","activity-counterscreen","null",4.000,-6.662,"S(CC(=O)Nc1c(C)c(C)ccc1)c1[nH]cc(-c2ccccc2)n1"
"Minisytravon-Counterscreen-washed.482","NCGC00119079-01","activity-counterscreen","null",4.000,-22.417,"O=C(N(Cc1sccc1)c1ccc(OC)cc1)c1occc1"
"Minisytravon-Counterscreen-washed.483","NCGC00105242-01","activity-counterscreen","null",4.000,0.000,"Fc1c(F)ccc(N2C(=O)c3n(cnn3)C=C2)c1"
"Minisytravon-Counterscreen-washed.484","NCGC00165142-01","activity-counterscreen","null",4.000,8.462,"FC(F)(F)c1c(NC(=O)CC2N(CC)CCOC2=O)cccc1"
"Minisytravon-Counterscreen-washed.485","NCGC00124403-01","activity-counterscreen","null",4.000,0.000,"S(=O)(=O)(N(CC(=O)N(C)c1cc(C)ccc1)C)c1cc2c([nH]c3c2CCCC3)cc1"
"Minisytravon-Counterscreen-washed.486","NCGC00135187-01","activity-counterscreen","null",4.000,9.052,"S(=O)(=O)(N1CCC(N(C(C)C)C)CC1)c1cc2c(NC(=O)C=C2)cc1"
"Minisytravon-Counterscreen-washed.487","NCGC00122692-01","activity-counterscreen","null",4.000,0.000,"S(CC(=O)Nc1ccc(OC)cc1)c1nnc(-c2sccc2)cc1"
"Minisytravon-Counterscreen-washed.488","NCGC00112918-01","activity-counterscreen","null",4.000,0.000,"O=C(NCc1ccc(OC)cc1)CCCN1C(=O)c2n(C(C)=N1)c1c(scc1)c2"
"Minisytravon-Counterscreen-washed.489","NCGC00113368-01","activity-counterscreen","null",4.000,0.000,"O=C(Nc1sccc1)Nc1cc(C)cc(C)c1"
"Minisytravon-Counterscreen-washed.490","NCGC00116146-01","activity-counterscreen","null",4.000,0.000,"Clc1c(C)ccc(NC(=O)Cn2c(CCC(=O)O)ccc2-c2sccc2)c1"
"Minisytravon-Counterscreen-washed.491","NCGC00100205-01","activity-counterscreen","null",4.000,0.000,"O=C(Nc1c(OC)cccc1)c1c(-c2ccc(OC)cc2)nn(-c2ccccc2)c1"
"Minisytravon-Counterscreen-washed.492","NCGC00102535-01","activity-counterscreen","null",4.000,12.901,"O=C(O)Cc1c(-c2ccccc2)nc(Nc2ccccc2)s1"
"Minisytravon-Counterscreen-washed.493","NCGC00109521-01","activity-counterscreen","null",4.000,0.000,"Clc1cc(N2CCN(C(=O)CS(=O)Cc3c(C)oc(-c4ccc(C)cc4)n3)CC2)ccc1"
"Minisytravon-Counterscreen-washed.494","NCGC00134500-01","activity-counterscreen","null",4.000,13.549,"Clc1ccc(S(=O)(=O)C(CNC(=O)c2c(F)cccc2)c2occc2)cc1"
"Minisytravon-Counterscreen-washed.495","NCGC00119173-01","activity-counterscreen","null",4.000,0.000,"O=[N+]([O-])c1c(OCC(=O)N2CCN(CCc3ccncc3)CC2)cccc1"
"Minisytravon-Counterscreen-washed.496","NCGC00138339-01","activity-counterscreen","null",4.000,0.000,"O(C)c1c2OC(=O)C(c3c(CC)sc(Nc4c(C)c(C)ccc4)n3)=Cc2ccc1"
"Minisytravon-Counterscreen-washed.497","NCGC00133543-01","activity-counterscreen","null",4.000,11.293,"O=C(Nc1c(C(=O)N)nc(Nc2ccccc2)s1)c1ccc(N(C)C)cc1"
"Minisytravon-Counterscreen-washed.498","NCGC00115048-01","activity-counterscreen","null",4.000,1.417,"Clc1c(C(=O)N(Cc2ccccc2)c2ccc(OCC)cc2)nc(S(=O)(=O)C)nc1"
"Minisytravon-Counterscreen-washed.499","NCGC00138308-01","activity-counterscreen","null",4.000,16.580,"S(Cc1c(C)cc(C)cc1)C1=Nc2c(cccc2)C=2N1C(=O)C(CCC(=O)NCc1sccc1)N=2"
"Minisytravon-Counterscreen-washed.500","NCGC00130495-01","activity-counterscreen","null",4.000,13.625,"O=C(OCC=1N=C2SC(CCOCC)=NN2C(=O)C=1)c1ccc(NC(=O)C2CCCCC2)cc1"
"Minisytravon-Counterscreen-washed.501","NCGC00138119-01","activity-counterscreen","null",4.000,11.435,"O=C(Nc1cc2N(C)C(=O)c3c(Sc2cc1)cccc3)Cc1ccc(C)cc1"
"Minisytravon-Counterscreen-washed.502","NCGC00111385-01","activity-counterscreen","null",4.000,14.261,"O=C(NCCCN(CC)Cc1ccccc1)c1sc-2c(C(=O)Nc3c-2cc(C)cc3)c1"
"Minisytravon-Counterscreen-washed.503","NCGC00116156-01","activity-counterscreen","null",4.000,1.816,"FC(F)(F)c1c(NC(=O)Cn2c(CCC(=O)O)ccc2-c2sccc2)cccc1"
"Minisytravon-Counterscreen-washed.504","NCGC00113245-01","activity-counterscreen","0.251189",1.400,1.777,"O=C(NCCC(C)C)C1CCN(c2sc(-n3c(CNc4ccc(C)cc4)ccc3)nn2)CC1"
"Minisytravon-Counterscreen-washed.505","NCGC00116374-01","activity-counterscreen","null",4.000,11.678,"Clc1c(CN2COc3c(c4OC(=O)c5c(-c4cc3)cccc5)C2)cccc1"
"Minisytravon-Counterscreen-washed.506","NCGC00110793-01","activity-counterscreen","null",4.000,-5.543,"S(=O)(=O)(N1CC=C(c2c(C)n(CC(=O)N3CCCC3)c3c2cccc3)CC1)c1c(OC)ccc(OC)c1"
"Minisytravon-Counterscreen-washed.507","NCGC00118389-01","activity-counterscreen","null",4.000,10.391,"O=C(Oc1c(OC)cc(C=2C=C(OC)c3c(C)oc(C)c3C(=O)C=2)cc1)c1cc(C)ccc1"
"Minisytravon-Counterscreen-washed.508","NCGC00136672-01","activity-counterscreen","null",4.000,14.030,"Fc1ccc(N2C(=O)CC(NC(=O)/C=C\c3cc(OC)c(OC)cc3)C2)cc1"
"Minisytravon-Counterscreen-washed.509","NCGC00118343-01","activity-counterscreen","null",4.000,-26.090,"O=C(OC)c1c(NC(=O)c2cc(OC)c(OC)cc2)scc1-c1sccc1"
"Minisytravon-Counterscreen-washed.510","NCGC00139422-01","activity-counterscreen","19.952623",-2.100,-216.977,"C(=C/c1ccc(C)cc1)\c1[nH]c2c(n1)cccc2"
"Minisytravon-Counterscreen-washed.511","NCGC00136781-01","activity-counterscreen","null",4.000,10.532,"Clc1ccc(S(=O)(=O)CC(=O)Nc2c(C(=O)N)c3c(s2)CCCCC3)cc1"
"Minisytravon-Counterscreen-washed.512","NCGC00142043-01","activity-counterscreen","null",4.000,12.452,"S(=O)(=O)(N1CCC(C(=O)Nc2cc(C)c(C)cc2)CC1)c1c2nonc2ccc1"
"Minisytravon-Counterscreen-washed.513","NCGC00119394-01","activity-counterscreen","null",4.000,1.927,"Clc1ccc(-c2nc(-c3c(N4CCN(c5c(OC)cccc5)CC4)nccc3)on2)cc1"
"Minisytravon-Counterscreen-washed.514","NCGC00114639-01","activity-counterscreen","null",4.000,11.771,"O=C(/C=C/c1c2c(n(CC(O)CN3CCCCCC3)c1)cccc2)c1cc(OC)c(OC)cc1"
"Minisytravon-Counterscreen-washed.515","NCGC00110632-02","activity-counterscreen","null",4.000,13.275,"O=C(Nc1c(OC)cc(OC)cc1)c1c(N)c2c(s1)nc1c(c2)CN(Cc2ccccc2)CC1"
"Minisytravon-Counterscreen-washed.516","NCGC00141639-01","activity-counterscreen","null",4.000,4.207,"S(=O)(=O)(Cc1c(C)oc(-c2ccc(C(=O)NCc3ccccc3)cc2)n1)c1ccc(C)cc1"
"Minisytravon-Counterscreen-washed.517","NCGC00101273-01","activity-counterscreen","null",4.000,-12.841,"Clc1c(COc2c(OCC)cccc2CNc2ccc(O)cc2)cccc1"
"Minisytravon-Counterscreen-washed.518","NCGC00125567-01","activity-counterscreen","null",4.000,1.001,"Clc1c(C)c(NC=2SC=3N(C(=O)c4c(N=3)cc(C(=O)NCCC3=CCCCC3)cc4)N=2)ccc1"
"Minisytravon-Counterscreen-washed.519","NCGC00127989-01","activity-counterscreen","null",4.000,-0.804,"Clc1cc(C(=O)Nc2c(N3CC(C)N(c4cc(C)ccc4)CC3)ccc(C(=O)O)c2)ccc1"
"Minisytravon-Counterscreen-washed.520","NCGC00124379-01","activity-counterscreen","0.177828",1.400,35.635,"S(=O)(=O)(N(CC(=O)NCc1cc(OC)ccc1)C)c1cc2c([nH]c3c2CCCC3)cc1"
"Minisytravon-Counterscreen-washed.521","NCGC00104023-01","activity-counterscreen","null",4.000,4.449,"S(=O)(=O)(CCCC(=O)Nc1cc(O)ccc1)c1nc(C(F)(F)F)cc(-c2cc(OC)c(OC)cc2)n1"
"Minisytravon-Counterscreen-washed.522","NCGC00104740-01","activity-counterscreen","null",4.000,-4.889,"Clc1ccc(-c2nc(S(=O)(=O)CC(=O)Nc3c(F)cc(F)cc3)n(-c3ccccc3)c2)cc1"
"Minisytravon-Counterscreen-washed.523","NCGC00141772-01","activity-counterscreen","null",4.000,21.326,"Clc1ccc(N2C(N)=C(C#N)C(c3sc(C)c(CN4CCOCC4)c3)C=3C(=O)CCCC2=3)cc1"
"Minisytravon-Counterscreen-washed.524","NCGC00132945-01","activity-counterscreen","null",4.000,17.356,"S(=O)(=O)(N1CCN(c2ccc(OC)cc2)CC1)c1n[nH]c(C(=O)OCC)c1"
"Minisytravon-Counterscreen-washed.525","NCGC00105693-01","activity-counterscreen","null",4.000,13.041,"Fc1ccc(-c2onc(C(=O)Nc3c(C(=O)OCC)c(-c4ccccc4)cs3)c2)cc1"
"Minisytravon-Counterscreen-washed.526","NCGC00125452-01","activity-counterscreen","null",4.000,-17.944,"O=C(NCCN(CC)CC)c1cc2N=C3SC(Nc4c(OC)cccc4)=NN3C(=O)c2cc1"
"Minisytravon-Counterscreen-washed.527","NCGC00118034-01","activity-counterscreen","null",4.000,-9.820,"O(C)c1c(O)c(OC)cc(C2c3c(C)nn(-c4nc(C)cc(C)n4)c3NC(=O)C2)c1"
"Minisytravon-Counterscreen-washed.528","NCGC00126502-01","activity-counterscreen","null",4.000,10.851,"Clc1cc(CNC(=O)NC=2c3c(C(=O)N(CC(C)C)C=2)cccc3)ccc1"
"Minisytravon-Counterscreen-washed.529","NCGC00136260-01","activity-counterscreen","null",4.000,-0.950,"S(CC(=O)Nc1sc2c(n1)ccc(C)c2)C=1N(C)C(=O)C(C(=O)Nc2ccc(OC)cc2)=CN=1"
"Minisytravon-Counterscreen-washed.530","NCGC00133475-01","activity-counterscreen","null",4.000,28.255,"Clc1c(C(N2CCN(c3ccccc3)CC2)C=2C(=O)N(Cc3occc3)C(C)=CC=2O)cccc1"
"Minisytravon-Counterscreen-washed.531","NCGC00110649-01","activity-counterscreen","null",4.000,12.307,"S(=O)(=O)(c1c(N)n(CC(=O)Nc2c(C)cc(C)cc2C)nn1)c1cc(C)c(C)cc1"
"Minisytravon-Counterscreen-washed.532","NCGC00104510-01","activity-counterscreen","null",4.000,5.631,"S(=O)(=O)(c1c(SCC(=O)Nc2c(OC)cc(OC)cc2)oc(-c2ccc(F)cc2)n1)c1ccc(C)cc1"
"Minisytravon-Counterscreen-washed.533","NCGC00107330-01","activity-counterscreen","null",4.000,-1.555,"Clc1ccc(S(=O)(=O)Nc2c(N3CCOCC3)cc3N(C)C(=O)N(C)c3c2)cc1"
"Minisytravon-Counterscreen-washed.534","NCGC00106188-01","activity-counterscreen","null",4.000,11.147,"O=C(Nc1c(C)cc(C)cc1)CN1C(=O)N(Cc2ccc(C(=O)NCCCOC)cc2)C(=O)c2c1cccc2"
"Minisytravon-Counterscreen-washed.535","NCGC00137642-01","activity-counterscreen","null",4.000,-8.303,"O=C(O)c1c(N2CCC(CCN3CCOCC3)CC2)ccc(NC(=O)c2cc(C)ccc2)c1"
"Minisytravon-Counterscreen-washed.536","NCGC00134078-01","activity-counterscreen","null",4.000,1.204,"O=C(/C=C/c1ccccc1)N1CCN(CC=2N=C3SC(c4c(OC)cccc4)=NN3C(=O)C=2)CC1"
"Minisytravon-Counterscreen-washed.537","NCGC00101697-01","activity-counterscreen","null",4.000,21.900,"Brc1c2c(c(OC)cc1)-c1nc(NC(=O)c3c(SC)cccc3)sc1C2"
"Minisytravon-Counterscreen-washed.538","NCGC00133056-01","activity-counterscreen","null",4.000,3.907,"Brc1c(C(=O)NCCS(=O)(=O)N2CCN(c3ccc(F)cc3)CC2)cccc1"
"Minisytravon-Counterscreen-washed.539","NCGC00109540-01","activity-counterscreen","null",4.000,7.989,"Clc1ccc(CN2C(=O)c3c(S(=O)(=O)c4c2cc(C(=O)NCc2occc2)cc4)cccc3)cc1"
"Minisytravon-Counterscreen-washed.540","NCGC00099374-01","activity-counterscreen","null",4.000,17.199,"FC(F)(F)c1c2c(N)c(C(=O)Nc3ccc(F)cc3)sc2nc(-c2sccc2)c1"
"Minisytravon-Counterscreen-washed.541","NCGC00130506-01","activity-counterscreen","null",4.000,-14.304,"O=C(Nc1cc(C(=O)OCC=2N=C3SC(C)=NN3C(=O)C=2)ccc1)COc1cc(C)c(C)cc1"
"Minisytravon-Counterscreen-washed.542","NCGC00124047-01","activity-counterscreen","null",4.000,9.893,"O=C(NC(CCC(C)C)c1c(-n2cccc2)sc2c1CCN(CC)C2)NCCC(=O)OC"
"Minisytravon-Counterscreen-washed.543","NCGC00122982-01","activity-counterscreen","null",4.000,9.718,"S(=O)(=O)(c1ccccc1)C=1C(=O)Nc2c(C=1O)ccc(C(=O)NCc1ccc(C)cc1)c2"
"Minisytravon-Counterscreen-washed.544","NCGC00101387-01","activity-counterscreen","null",4.000,-9.319,"O(c1c(C)cc(C)cc1)C1=C(/C=C(\C#N)/c2sc3c(n2)cccc3)C(=O)N2C(=N1)C=CC=C2"
"Minisytravon-Counterscreen-washed.545","NCGC00125367-01","activity-counterscreen","null",4.000,4.522,"S(Cc1c(C)oc(-c2ccc(C(=O)NCc3cc(OC)c(OC)cc3)cc2)n1)c1ccccc1"
"Minisytravon-Counterscreen-washed.546","NCGC00139106-01","activity-counterscreen","null",4.000,23.616,"S(=O)(=O)(N(C)C1CCCCC1)c1ccc(C(=O)Nc2c(C(=O)OC)c3c(s2)CN(C)CC3)cc1"
"Minisytravon-Counterscreen-washed.547","NCGC00100422-01","activity-counterscreen","null",4.000,8.711,"O=C(NCc1occc1)C=1C(=N)N(CCCOCC)C=2N=C3N(C(=O)C=2C=1)C=CC=C3"
"Minisytravon-Counterscreen-washed.548","NCGC00109315-01","activity-counterscreen","null",4.000,9.117,"S(=O)(=O)(N1CCC(C(=O)Nc2c(OCC)cccc2)CC1)c1c(/C=C/c2occc2)onc1C"
"Minisytravon-Counterscreen-washed.549","NCGC00108008-01","activity-counterscreen","0.354813",1.200,27.803,"S(=O)(=O)(Nc1ccc(OCC)cc1)c1cc2C(=O)C(C(=O)NCc3occc3)=CNc2cc1"
"Minisytravon-Counterscreen-washed.550","NCGC00131746-01","activity-counterscreen","null",4.000,-11.244,"Clc1c(NC(=O)C(NS(=O)(=O)c2sccc2)C(C)C)c(OC)cc(OC)c1"
"Minisytravon-Counterscreen-washed.551","NCGC00125401-01","activity-counterscreen","null",4.000,15.995,"S(=O)(Cc1c(C)oc(-c2ccc(C(=O)NC(C)c3ccccc3)cc2)n1)c1ccc(C)cc1"
"Minisytravon-Counterscreen-washed.552","NCGC00132097-01","activity-counterscreen","null",4.000,16.835,"Clc1c(C)ccc(S(=O)(=O)C=2C(=O)NC(SCC(=O)Nc3cc4OCCOc4cc3)=NC=2)c1"
"Minisytravon-Counterscreen-washed.553","NCGC00109533-01","activity-counterscreen","null",4.000,13.085,"Clc1ccc(CNC(=O)CS(=O)Cc2c(C)oc(-c3ccc(Cl)cc3)n2)cc1"
"Minisytravon-Counterscreen-washed.554","NCGC00125463-01","activity-counterscreen","0.501187",1.400,29.720,"S(=O)(=O)(Cc1c(C)oc(-c2ccc(C(=O)NC(C)c3ccccc3)cc2)n1)c1ccccc1"
"Minisytravon-Counterscreen-washed.555","NCGC00130030-01","activity-counterscreen","null",4.000,1.205,"O=C(OCC=1N=C2SC(c3sccc3)=NN2C(=O)C=1)c1cc(C)ccc1"
"Minisytravon-Counterscreen-washed.556","NCGC00100682-01","activity-counterscreen","null",4.000,3.084,"Brc1c2c(c(NC(=O)c3c(C(=O)O)cccc3)cc1)nccc2"
"Minisytravon-Counterscreen-washed.557","NCGC00099608-01","activity-counterscreen","null",4.000,0.420,"O(CC)c1c(OC)cc(C(c2c(O)n(-c3ccccc3)nc2C)c2c(O)n(-c3ccccc3)nc2C)cc1"
"Minisytravon-Counterscreen-washed.558","NCGC00116379-01","activity-counterscreen","null",4.000,0.992,"Clc1c(C(=O)OC=2c3c(C)oc(C)c3C(=O)C=C(c3cc4OCOc4cc3)C=2)cccc1"
"Minisytravon-Counterscreen-washed.559","NCGC00100846-01","activity-counterscreen","null",4.000,-0.872,"S(=O)(=O)(c1c(NCc2ccccc2)oc(-c2ccc(OC)cc2)n1)c1ccc(C)cc1"
"Minisytravon-Counterscreen-washed.560","NCGC00118623-01","activity-counterscreen","null",4.000,11.107,"Clc1cc(CNc2n(S(=O)(=O)c3cc4c(cc3)cccc4)nc(-c3occc3)n2)ccc1"
"Minisytravon-Counterscreen-washed.561","NCGC00132773-01","activity-counterscreen","null",4.000,6.287,"Fc1c(CNC(=O)CN2C(=O)C3N(c4c2cc(C(=O)N2CCCC2)cc4)CCCC3)cccc1"
