"Entry ID","Entry Name","Sample ID","Sample Data Type","AC50 (uM)","CC-v2","Max Resp","Structure"
"1","Minisytravon-Cherrypicks-washed.1","NCGC00118047-01","activity-cherrypicks","28.183829",-2.200,-64.750,"Brc1ccc(-c2oc(CNCCCSc3n(C)nnn3)cc2)cc1"
"2","Minisytravon-Cherrypicks-washed.2","NCGC00131950-01","activity-cherrypicks","null",4.000,-8.225,"Fc1c(-c2nn3C(CCNC(=O)c4occc4)=CSc3n2)cccc1"
"3","Minisytravon-Cherrypicks-washed.3","NCGC00131290-01","activity-cherrypicks","15.848932",-1.200,-81.516,"C(C)N1CCN(c2nc3c(cn2)CN(Cc2c(C)ccs2)CC3)CC1"
"4","Minisytravon-Cherrypicks-washed.4","NCGC00106866-01","activity-cherrypicks","null",4.000,-7.965,"Brc1oc(-c2c(Nc3c(C)cccc3)n3c(n2)C=CC(Cl)=C3)cc1"
"5","Minisytravon-Cherrypicks-washed.5","NCGC00103187-01","activity-cherrypicks","null",4.000,-3.435,"Clc1cc(-c2oc(C(=O)Nc3c4ncccc4ccc3)cc2)ccc1"
"6","Minisytravon-Cherrypicks-washed.6","NCGC00126363-01","activity-cherrypicks","25.118864",-2.200,-46.703,"O=C(NCc1occc1)CN1C(=O)c2[nH]c3c(c2C=N1)cc(C)cc3"
"7","Minisytravon-Cherrypicks-washed.7","NCGC00101149-01","activity-cherrypicks","28.183829",-2.200,-35.174,"O=C(Nc1ccccc1)C1=C(C)Nc2n(C1c1ccccc1)nc(-c1occc1)n2"
"8","Minisytravon-Cherrypicks-washed.8","NCGC00121787-01","activity-cherrypicks","17.782794",-2.400,-23.842,"O=C(Nc1c(O)ccc(C)c1)c1onc(-c2c(O)cccc2)c1"
"9","Minisytravon-Cherrypicks-washed.9","NCGC00103112-01","activity-cherrypicks","35.481339",-2.400,-27.992,"Clc1c(NC(=O)CSc2n(C)ccn2)cc(Cl)cc1"
"10","Minisytravon-Cherrypicks-washed.10","NCGC00100362-01","activity-cherrypicks","28.183829",-2.200,-60.592,"O=C(NCc1occc1)C=1C(=N)N(CCOC)C=2N=C3N(C(=O)C=2C=1)C=C(C)C=C3"
"11","Minisytravon-Cherrypicks-washed.11","NCGC00099348-01","activity-cherrypicks","null",4.000,-3.645,"O(C)c1c(-c2n(-c3c(C#N)c4c(s3)CCCCC4)ncn2)cccc1"
"12","Minisytravon-Cherrypicks-washed.12","NCGC00102732-01","activity-cherrypicks","31.622777",-2.200,-57.909,"Clc1ccc(-c2n(Cc3ccccc3)cc3N(C)C(=O)N(C)C(=O)c23)cc1"
"13","Minisytravon-Cherrypicks-washed.13","NCGC00115377-01","activity-cherrypicks","15.848932",-1.100,-93.532,"Clc1c(CN(C(=O)c2c(C)c3c(o2)ccc(F)c3)Cc2occc2)cccc1"
"14","Minisytravon-Cherrypicks-washed.14","NCGC00134150-01","activity-cherrypicks","null",4.000,-7.139,"Clc1c(NC(=O)N2CCN(CC=3N=C4SC(c5c(OC)cccc5)=NN4C(=O)C=3)CC2)ccc(C)c1"
"15","Minisytravon-Cherrypicks-washed.15","NCGC00111039-01","activity-cherrypicks","31.622777",-2.200,-30.244,"O=C1c2c(NC3CCCCC3)cc(NCC(C)C)c3noc(c23)-c2c1cccc2"
"16","Minisytravon-Cherrypicks-washed.16","NCGC00122525-01","activity-cherrypicks","14.125375",-2.200,-76.455,"C(N1CCN(c2c(C)ccc(C)c2)CC1)c1cc(C)sc1"
"17","Minisytravon-Cherrypicks-washed.17","NCGC00101773-01","activity-cherrypicks","null",4.000,-16.821,"Cc1c(-c2n3N=C(c4ccc(C)cc4)c4c(-c3nn2)cccc4)cccc1"
"18","Minisytravon-Cherrypicks-washed.18","NCGC00100367-01","activity-cherrypicks","11.220185",-1.100,-95.488,"O=C(O)c1ccc(NC(=O)c2c(N)c3c(s2)nc2c(c3)CCCC2)cc1"
"19","Minisytravon-Cherrypicks-washed.19","NCGC00164830-01","activity-cherrypicks","25.118864",-2.100,-87.778,"Clc1c(C)ccc(NC(=O)CC2N(CC)CCOC2=O)c1"
"20","Minisytravon-Cherrypicks-washed.20","NCGC00141220-01","activity-cherrypicks","28.183829",-2.200,-77.576,"Brc1cc(S(=O)(=O)n2c(CCC)ncc2)c(OC)cc1"
"21","Minisytravon-Cherrypicks-washed.21","NCGC00118029-01","activity-cherrypicks","null",4.000,-16.617,"S(C(C(=O)OC)C)c1n2-c3c(C)cc(C)cc3C(C)=Cc2nn1"
"22","Minisytravon-Cherrypicks-washed.22","NCGC00107655-01","activity-cherrypicks","null",4.000,-3.447,"O=C(Nc1c(OC)cc2N(C)C(=O)N(C)c2c1)c1c(C)cccc1"
"23","Minisytravon-Cherrypicks-washed.23","NCGC00108886-01","activity-cherrypicks","null",4.000,-6.743,"Clc1ccc(-c2c(Nc3cc4OCOc4cc3)n3c(n2)C=C(C)C=C3)cc1"
"24","Minisytravon-Cherrypicks-washed.24","NCGC00132540-01","activity-cherrypicks","31.622777",-2.200,-43.407,"S(=O)(=O)(Nc1ccc(-c2nnc(OC)cc2)cc1)c1ccc(C(=O)C)cc1"
"25","Minisytravon-Cherrypicks-washed.25","NCGC00117139-01","activity-cherrypicks","null",4.000,-4.586,"Fc1c(C(=O)N2CCN(CC=3c4c(OC(=O)C=3)ccc(OC)c4)CC2)cccc1"
"26","Minisytravon-Cherrypicks-washed.26","NCGC00118995-01","activity-cherrypicks","31.622777",-2.200,-56.957,"Clc1ccc(OCC(=O)N(Cc2oc(C)cc2)c2ncccc2)cc1"
"27","Minisytravon-Cherrypicks-washed.27","NCGC00117637-01","activity-cherrypicks","31.622777",-2.200,-31.056,"Clc1ccc(Cc2nn3C(Nc4ccc(OCC)cc4)=CC(C)=Nc3n2)cc1"
"28","Minisytravon-Cherrypicks-washed.28","NCGC00132417-01","activity-cherrypicks","null",4.000,-16.063,"S(=O)(=O)(N1CCCCCC1)c1cn(C)c(C(=O)N2CCN(c3ccc(C(=O)C)cc3)CC2)c1"
"29","Minisytravon-Cherrypicks-washed.29","NCGC00104167-01","activity-cherrypicks","31.622777",-3.000,-34.919,"Fc1ccc(C(=O)/N=C/2\N(CC3OCCC3)C=3N=C4N(C(=O)C=3C=C\2C(=O)OCC)C=CC=C4)cc1"
"30","Minisytravon-Cherrypicks-washed.30","NCGC00133513-01","activity-cherrypicks","11.220185",-1.100,-85.559,"S(C)c1ccc(C(N2CCC(C(=O)OCC)CC2)C=2C(=O)N(Cc3occc3)C(C)=CC=2O)cc1"
"31","Minisytravon-Cherrypicks-washed.31","NCGC00133382-01","activity-cherrypicks","null",4.000,-1.344,"S(Cc1ccc(C(=O)OC)cc1)c1c(C(C)C)cnc2N(C)C(=O)N(C)C(=O)c12"
"32","Minisytravon-Cherrypicks-washed.32","NCGC00120106-01","activity-cherrypicks","null",4.000,-4.935,"S(c1c(C(=O)N2CCC(C)CC2)[nH]c2c1ccc(OC)c2)c1ccccc1"
"33","Minisytravon-Cherrypicks-washed.33","NCGC00118367-01","activity-cherrypicks","31.622777",-2.400,-26.126,"O=C(Nc1c(C(=O)OC)c(-c2sccc2)cs1)COc1ccc(CCC)cc1"
"34","Minisytravon-Cherrypicks-washed.34","NCGC00129574-01","activity-cherrypicks","28.183829",-2.200,-63.429,"O=C(Nc1c(OC)ccc(OC)c1)CN1C(=O)C=C(c2ccccc2)c2c(C)nn(C)c12"
"35","Minisytravon-Cherrypicks-washed.35","NCGC00101707-01","activity-cherrypicks","31.622777",-2.200,-51.088,"O=C(Nc1sc2c(n1)-c1c(cc(OC)cc1)C2)c1ccc(OC)cc1"
"36","Minisytravon-Cherrypicks-washed.36","NCGC00109295-01","activity-cherrypicks","25.118864",-2.200,-56.225,"S(=O)(=O)(N1CCC(C(=O)Nc2cc(C)cc(C)c2)CC1)c1c(/C=C/c2occc2)onc1C"
"37","Minisytravon-Cherrypicks-washed.37","NCGC00104476-01","activity-cherrypicks","null",4.000,-2.961,"S(=O)(=O)(c1c(SCC(=O)NC2CCCCC2)oc(-c2ccc(C)cc2)n1)c1ccccc1"
"38","Minisytravon-Cherrypicks-washed.38","NCGC00098473-01","activity-cherrypicks","35.481339",-2.200,-58.925,"Brc1ccc(C(=O)Nc2c(C(=O)Nc3ccc(OC)cc3)c3c(s2)CCCC3)cc1"
"39","Minisytravon-Cherrypicks-washed.39","NCGC00100141-01","activity-cherrypicks","14.125375",-2.200,-62.554,"Fc1c(C2C(C(=O)Nc3c(OC)cccc3)=C(C)Nc3n2nc(-c2occc2)n3)cccc1"
"40","Minisytravon-Cherrypicks-washed.40","NCGC00118212-01","activity-cherrypicks","28.183829",-2.200,-29.446,"O=[N+]([O-])c1cc(C(=O)N2c3n(C4([C@]5[C@@]2CCCC5)CCCCC4)nc(-c2occc2)n3)ccc1"
"41","Minisytravon-Cherrypicks-washed.41","NCGC00138751-01","activity-cherrypicks","null",4.000,-12.192,"S(CC(=O)Nc1cc(F)c(C)cc1)C=1n2nc(CCn3c(C)cnc3)nc2-c2c(N=1)cccc2"
"42","Minisytravon-Cherrypicks-washed.42","NCGC00123127-01","activity-cherrypicks","null",4.000,-12.467,"S(Cc1cc(F)ccc1)c1c2c(n(CC(=O)N3CCC(C)CC3)c1)cccc2"
"43","Minisytravon-Cherrypicks-washed.43","NCGC00108587-01","activity-cherrypicks","15.848932",-2.200,-66.067,"Fc1cc(C2N(c3ccc(C(=O)OCC)cc3)C(=O)c3[nH]nc(-c4occc4)c23)ccc1"
"44","Minisytravon-Cherrypicks-washed.44","NCGC00137672-01","activity-cherrypicks","5.623413",-1.100,-92.111,"Brc1ccc(C(=O)Nc2cc(C(=O)O)c(N3CCC(N4CCCCC4)CC3)nc2)cc1"
"45","Minisytravon-Cherrypicks-washed.45","NCGC00120434-01","activity-cherrypicks","null",4.000,-13.961,"Clc1c(NC(=O)CSC2=NC3=C(C(=O)N2)CN(Cc2cc4OCOc4cc2)CC3)cccc1"
"46","Minisytravon-Cherrypicks-washed.46","NCGC00132091-01","activity-cherrypicks","28.183829",-2.200,-67.520,"O=C(OCc1occc1)c1cc2N(Cc3c(C#N)cccc3)C(=O)c3c(Sc2cc1)cccc3"
"47","Minisytravon-Cherrypicks-washed.47","NCGC00102055-01","activity-cherrypicks","31.622777",-2.200,-22.293,"S(CCCC(=O)Nc1c(OC)cc(OC)cc1)c1nc(C(F)(F)F)cc(-c2occc2)n1"
"48","Minisytravon-Cherrypicks-washed.48","NCGC00131997-01","activity-cherrypicks","null",4.000,-22.773,"Brc1ccc(NC(=O)N2CCN(S(=O)(=O)c3cc4c(n(C)cc4)cc3)CCC2)cc1"
"49","Minisytravon-Cherrypicks-washed.49","NCGC00101565-01","activity-cherrypicks","31.622777",-2.100,-87.692,"S(CC(=O)Nc1c(C(=O)OCC)c(C)c(C)s1)c1nc(C(F)(F)F)cc(-c2ccc(OC)cc2)n1"
"50","Minisytravon-Cherrypicks-washed.50","NCGC00107942-01","activity-cherrypicks","31.622777",-2.200,-44.260,"S(=O)(=O)(Nc1cc(OC)ccc1)c1cc2C(=O)C(C(=O)N(Cc3occc3)C)=CNc2cc1"
"51","Minisytravon-Cherrypicks-washed.51","NCGC00111716-01","activity-cherrypicks","14.125375",-1.200,-77.125,"Clc1c(OC)ccc(NC(=O)CN2C(=O)N(Cc3occc3)C(=O)c3sc4c(c23)cccc4)c1"
"52","Minisytravon-Cherrypicks-washed.52","NCGC00137590-01","activity-cherrypicks","7.943282",-1.100,-92.568,"O=C(O)c1c(N2CCN(c3c(C)ccc(C)c3)CC2)ccc(NC(=O)c2sccc2)c1"
"53","Minisytravon-Cherrypicks-washed.53","NCGC00136902-01","activity-cherrypicks","null",4.000,-6.060,"S(CC(=O)NC)c1sc(NC(=O)Nc2ccccc2)nn1"
"54","Minisytravon-Cherrypicks-washed.54","NCGC00112695-01","activity-cherrypicks","null",4.000,-19.513,"Oc1ccc(NC2=Nc3c(-n4c2nnc4)cccc3)cc1"
"55","Minisytravon-Cherrypicks-washed.55","NCGC00105898-01","activity-cherrypicks","31.622777",-2.200,-40.706,"O=C1N(C)C(=O)c2nc3c(nc2N1C)cc(N(CC)CC)cc3"
"56","Minisytravon-Cherrypicks-washed.56","NCGC00136682-01","activity-cherrypicks","28.183829",-2.200,-52.065,"Brc1oc(C(=O)NC2CN(c3cc(C)c(C)cc3)C(=O)C2)cc1"
"57","Minisytravon-Cherrypicks-washed.57","NCGC00128445-01","activity-cherrypicks","35.481339",-2.200,-40.994,"O=C1N2N=C(CCCC)SC2=NC(CN(CC)c2ccccc2)=C1"
"58","Minisytravon-Cherrypicks-washed.58","NCGC00121730-01","activity-cherrypicks","28.183829",-2.200,-42.047,"O=C(N(CC)c1c(OCC)cccc1)c1noc2-c3c(OCc12)ccc(C)c3"
"59","Minisytravon-Cherrypicks-washed.59","NCGC00122035-01","activity-cherrypicks","null",4.000,-10.054,"S(CC(=O)N(C)c1ccccc1)C1=NN=Cn2c3c(occ3)cc12"
"60","Minisytravon-Cherrypicks-washed.60","NCGC00102360-01","activity-cherrypicks","35.481339",-2.200,-54.906,"S(=O)(=O)(n1c(CC)ncc1)c1c(OCC)cc(C)c(C(C)C)c1"
"61","Minisytravon-Cherrypicks-washed.61","NCGC00113246-01","activity-cherrypicks","null",4.000,-15.931,"Fc1c(CNC(=O)c2cc3N(C)CCSc3cc2)cccc1"
"62","Minisytravon-Cherrypicks-washed.62","NCGC00127584-01","activity-cherrypicks","14.125375",-2.400,-35.859,"S(=O)(=O)(CCC(=O)N(C)c1cc(C)ccc1)c1cc2OC(=O)N(C)c2cc1"
"63","Minisytravon-Cherrypicks-washed.63","NCGC00100415-01","activity-cherrypicks","25.118864",-2.200,-77.376,"Clc1c(C)c(-n2c(CCC(=O)O)ccc2-c2sccc2)ccc1"
"64","Minisytravon-Cherrypicks-washed.64","NCGC00121676-01","activity-cherrypicks","12.589254",-1.100,-91.311,"FC(F)(F)c1cc(N(C(=O)c2noc3-c4c(OCc23)ccc(C)c4)C)ccc1"
"65","Minisytravon-Cherrypicks-washed.65","NCGC00132313-01","activity-cherrypicks","28.183829",-2.200,-54.104,"O=C(Nc1c(OC)cccc1)C1=C(C)Nc2n(C1c1[nH]ccc1)ncn2"
"66","Minisytravon-Cherrypicks-washed.66","NCGC00126530-01","activity-cherrypicks","null",4.000,1.329,"Clc1c(OC)ccc(Nc2ncnc3onc(C)c23)c1"
"67","Minisytravon-Cherrypicks-washed.67","NCGC00117311-01","activity-cherrypicks","12.589254",-2.400,-24.976,"Brc1c(C(=O)N(Cc2oc(C)cc2)Cc2occc2)cccc1"
"68","Minisytravon-Cherrypicks-washed.68","NCGC00137292-01","activity-cherrypicks","25.118864",-2.200,-72.936,"O=C(C)N1C(c2cc(OC)ccc2)=C(C(=O)C)Sc2n1cnn2"
"69","Minisytravon-Cherrypicks-washed.69","NCGC00118597-01","activity-cherrypicks","25.118864",-2.200,-73.338,"S(=O)(=O)(CC)n1c(NCc2ccc(C(C)C)cc2)nc(-c2occc2)n1"
"70","Minisytravon-Cherrypicks-washed.70","NCGC00111882-01","activity-cherrypicks","null",4.000,-7.162,"Clc1c(NC(=O)c2noc(CN3CCCC3)c2)c(OC)cc(OC)c1"
"71","Minisytravon-Cherrypicks-washed.71","NCGC00137537-01","activity-cherrypicks","null",4.000,-7.786,"S(CC)C=1N(CC)C(=O)c2[nH]c3c(c2N=1)cccc3"
"72","Minisytravon-Cherrypicks-washed.72","NCGC00112632-01","activity-cherrypicks","31.622777",-2.200,-34.266,"FC(F)(F)c1ccc(NC(=O)C(Cc2ccccc2)n2cccc2)cc1"
"73","Minisytravon-Cherrypicks-washed.73","NCGC00141280-01","activity-cherrypicks","12.589254",-2.400,-29.443,"O(CC)c1c(N)cc(-c2oc(CO)cc2)cc1"
"74","Minisytravon-Cherrypicks-washed.74","NCGC00122080-01","activity-cherrypicks","null",4.000,-7.576,"O=C(NCCN(CCCC)CC)CN1C(=O)c2n(-c3c1nccc3)ccc2"
"75","Minisytravon-Cherrypicks-washed.75","NCGC00164813-01","activity-cherrypicks","35.481339",-2.400,-27.977,"O=C(Nc1cc(OC)cc(OC)c1)CC1N(Cc2ccccc2)CCOC1=O"
"76","Minisytravon-Cherrypicks-washed.76","NCGC00113693-01","activity-cherrypicks","10",-1.400,-26.588,"O=C(OC)c1cc(NC(=O)c2nsc3c2cccc3)ccc1"
"77","Minisytravon-Cherrypicks-washed.77","NCGC00118861-01","activity-cherrypicks","28.183829",-2.200,-78.627,"O=C(N1CCN(CCc2ccncc2)CC1)c1ccc(OCCCC)cc1"
"78","Minisytravon-Cherrypicks-washed.78","NCGC00141103-01","activity-cherrypicks","null",4.000,-19.858,"S(=O)(=O)(Nc1c2c(c3oc(C)c(C(=O)C)c3c1)cccc2)c1c(C)cc(C)cc1C"
"79","Minisytravon-Cherrypicks-washed.79","NCGC00113415-01","activity-cherrypicks","15.848932",-2.200,-67.301,"S(Cc1ccc(F)cc1)c1n(Cc2ccc(C(=O)NCc3oc(C)cc3)cc2)c2ncccc2n1"
"80","Minisytravon-Cherrypicks-washed.80","NCGC00126020-01","activity-cherrypicks","15.848932",-2.200,-24.156,"O=C(Nc1c(C)cc(C)cc1)CN1C(=O)C(CNc2ccc(OC)cc2)=Cc2c1cc1OCOc1c2"
"81","Minisytravon-Cherrypicks-washed.81","NCGC00138436-01","activity-cherrypicks","28.183829",-2.200,-65.320,"S(CC(=O)Nc1ccc(OCC)cc1)C1=Nc2c(cccc2)C=2N1C(=O)C(CC(=O)NCc1occc1)N=2"
"82","Minisytravon-Cherrypicks-washed.82","NCGC00136278-01","activity-cherrypicks","null",4.000,-21.524,"S(=O)(=O)(C(CNC(=O)c1cc(OC)c(OC)cc1)c1occc1)c1sccc1"
"83","Minisytravon-Cherrypicks-washed.83","NCGC00129200-01","activity-cherrypicks","28.183829",-2.200,-51.356,"Clc1ccc(C=2S(=O)(=O)N=C(N3CCC(C(=O)NCCc4occc4)CC3)C=2C)cc1"
"84","Minisytravon-Cherrypicks-washed.84","NCGC00124177-01","activity-cherrypicks","null",4.000,-2.290,"S(=O)(=O)(N1CCN(c2ccc(OC)cc2)CC1)c1cc2c(N(C(=O)C)C(C)C2)cc1"
"85","Minisytravon-Cherrypicks-washed.85","NCGC00140739-01","activity-cherrypicks","7.079458",-1.100,-98.280,"O=C(Nc1ccc(OCC)cc1)c1c(NCc2oc(C)cc2)sc2c1CCCCC2"
"86","Minisytravon-Cherrypicks-washed.86","NCGC00137248-01","activity-cherrypicks","null",4.000,-7.740,"Clc1cc(N2CCN(C(c3ccc([N+](=O)[O-])cc3)C3=C(O)n4nc(-c5occc5)nc4S3)CC2)ccc1"
"87","Minisytravon-Cherrypicks-washed.87","NCGC00115038-01","activity-cherrypicks","11.220185",-1.100,-95.268,"Clc1c(C(=O)Nc2ccc(S(=O)(=O)N(CC)c3ccccc3)cc2)nc(S(=O)(=O)C)nc1"
"88","Minisytravon-Cherrypicks-washed.88","NCGC00109403-01","activity-cherrypicks","31.622777",-2.200,-62.277,"S(CC(=O)NCc1c(OC)cccc1)Cc1c(C)oc(-c2cc(OC)c(OC)cc2)n1"
"89","Minisytravon-Cherrypicks-washed.89","NCGC00106223-01","activity-cherrypicks","null",4.000,-12.213,"O(C)c1c(N2C(=O)N(CC=3N=C4N(C(=O)C=3)C(C)=CC=C4)c3sc4c(c3C2=O)CCC4)ccc(OC)c1"
"90","Minisytravon-Cherrypicks-washed.90","NCGC00107652-01","activity-cherrypicks","null",4.000,-25.383,"S(CC(=O)Nc1cc2OCOc2cc1)c1c(-c2ccccc2)[nH]c(-c2ccc(OC)cc2)n1"
"91","Minisytravon-Cherrypicks-washed.91","NCGC00140697-01","activity-cherrypicks","15.848932",-2.200,-42.756,"Clc1cc(NC(=O)c2c(NCc3sccc3)sc3c2CCC(C)C3)c(OC)cc1"
"92","Minisytravon-Cherrypicks-washed.92","NCGC00132775-01","activity-cherrypicks","35.481339",-2.400,-59.189,"S(C)c1ccc(CNC(=O)CN2C(=O)C3N(c4c2cc(C(=O)N2CCCC2)cc4)CCCC3)cc1"
"93","Minisytravon-Cherrypicks-washed.93","NCGC00119369-01","activity-cherrypicks","null",4.000,-1.131,"O=C(N(CCCC)C)Cn1c(C2CN(c3ccc(C)cc3)C(=O)C2)nc2c1cccc2"
"94","Minisytravon-Cherrypicks-washed.94","NCGC00111051-01","activity-cherrypicks","15.848932",-2.200,-24.669,"C(c1sc(CC)cc1)(c1c2c([nH]c1)ccc(C)c2)c1ccccc1"
"95","Minisytravon-Cherrypicks-washed.95","NCGC00116189-01","activity-cherrypicks","25.118864",-2.200,-74.384,"O=C(n1c(NCc2sccc2)nc(-c2occc2)n1)c1cc(OC)c(OC)cc1"
"96","Minisytravon-Cherrypicks-washed.96","NCGC00112431-01","activity-cherrypicks","31.622777",-3.000,-31.894,"FC(F)(F)c1cc(NC(=O)CN2C(=O)CC(c3occc3)Sc3c2cccc3)ccc1"
"97","Minisytravon-Cherrypicks-washed.97","NCGC00110839-01","activity-cherrypicks","15.848932",-2.200,-36.477,"Clc1nc2c(c3sc(C(=O)NCCCN(Cc4ccccc4)C)cc13)cc(C)cc2"
"98","Minisytravon-Cherrypicks-washed.98","NCGC00139656-01","activity-cherrypicks","19.952623",-3.000,-34.635,"Clc1c(CS(=O)(=O)CC2C(=O)Nc3c(N2)ccc(C(=O)NCCCOCC)c3)ccc(F)c1"
"99","Minisytravon-Cherrypicks-washed.99","NCGC00129415-01","activity-cherrypicks","28.183829",-2.200,-69.711,"Clc1c(-c2oc(C(N3CCN(c4ccc(OC)cc4)CC3)c3ccccc3)nn2)cccc1"
"100","Minisytravon-Cherrypicks-washed.100","NCGC00139954-01","activity-cherrypicks","28.183829",-2.400,-24.001,"Clc1c(CC2=C(C)n3nc(SCC(=O)NCCc4ccc(Cl)cc4)nc3N=C2C)cccc1"
"101","Minisytravon-Cherrypicks-washed.101","NCGC00101472-02","activity-cherrypicks","null",4.000,4.380,"S(CCC(=O)Nc1c(O)ccc(C)c1)c1nc(C(F)(F)F)cc(-c2ccc(OC)cc2)n1"
"102","Minisytravon-Cherrypicks-washed.102","NCGC00105416-01","activity-cherrypicks","null",4.000,-19.497,"Clc1ccc(-c2c(C)sc(C=3C(=O)NC4=C(C(=O)CC(c5ccccc5)C4)C=3)n2)cc1"
"103","Minisytravon-Cherrypicks-washed.103","NCGC00118418-01","activity-cherrypicks","14.125375",-1.100,-81.842,"Clc1c(C)ccc(NC(=O)CCCc2onc(-c3occc3)n2)c1"
"104","Minisytravon-Cherrypicks-washed.104","NCGC00141172-02","activity-cherrypicks","15.848932",-2.400,-14.206,"Clc1ccc(C=2Nc3n(C(c4ccccc4)C=2)nc(NS(=O)(=O)c2ccc(NC(=O)C)cc2)n3)cc1"
"105","Minisytravon-Cherrypicks-washed.105","NCGC00115376-01","activity-cherrypicks","12.589254",-2.200,-14.578,"Clc1ccc(OCC(=O)Nc2cc3nc(CCNC(=O)c4occc4)n(C)c3cc2)cc1"
"106","Minisytravon-Cherrypicks-washed.106","NCGC00108680-01","activity-cherrypicks","null",4.000,-10.946,"O=C(NCCCN(CC)Cc1ccccc1)c1sc-2c(C(=O)N(C)c3c-2cccc3)c1"
"107","Minisytravon-Cherrypicks-washed.107","NCGC00137652-01","activity-cherrypicks","7.943282",-1.100,-93.261,"O=C(NCCC)CN1CCN(c2c(C(=O)O)cc(NC(=O)c3ccc(OC)cc3)cc2)CC1"
"108","Minisytravon-Cherrypicks-washed.108","NCGC00123301-01","activity-cherrypicks","null",4.000,-19.218,"S(Cc1ccc(C(F)(F)F)cc1)c1c2c(n(CC(=O)N3CCOCC3)c1)cccc2"
"109","Minisytravon-Cherrypicks-washed.109","NCGC00118396-01","activity-cherrypicks","25.118864",-2.200,-63.095,"O=C(Nc1c(OC)cc(OC)cc1)CCCc1onc(-c2occc2)n1"
"110","Minisytravon-Cherrypicks-washed.110","NCGC00136112-01","activity-cherrypicks","null",4.000,-12.025,"S(=O)(=O)(C(CNC(=O)C(=O)NCCc1c(OC)cccc1)c1occc1)c1ccc(C)cc1"
"111","Minisytravon-Cherrypicks-washed.111","NCGC00099741-01","activity-cherrypicks","12.589254",-2.100,-87.610,"Clc1c(C)cc(OCC(O)CN2CCN(c3cc(Cl)ccc3)CC2)cc1"
"112","Minisytravon-Cherrypicks-washed.112","NCGC00136458-03","activity-cherrypicks","null",4.000,-6.739,"S(CC(=O)Nc1c(-c2sc3c(n2)cccc3)c2c(s1)CN(C)CC2)c1ccc(F)cc1"
"113","Minisytravon-Cherrypicks-washed.113","NCGC00118473-01","activity-cherrypicks","14.125375",-1.200,-77.315,"O=C(Nc1cc2nc(CN3CCN(C(=O)OCC)CC3)n(C(C)C)c2cc1)C"
"114","Minisytravon-Cherrypicks-washed.114","NCGC00100313-01","activity-cherrypicks","31.622777",-2.200,-54.967,"S(=O)(=O)(Nc1cc(C)ccc1)c1cc2c(N[C@](c3ccc(F)cc3)[C@]3[C@@]2C=CC3)cc1"
"115","Minisytravon-Cherrypicks-washed.115","NCGC00134057-01","activity-cherrypicks","null",4.000,-11.743,"S(=O)(=O)(N1CCCC1)c1cc2sc(NC(=O)c3cc(N(C)C)ccc3)nc2cc1"
"116","Minisytravon-Cherrypicks-washed.116","NCGC00117374-01","activity-cherrypicks","35.481339",-2.200,-77.975,"O=C(Nc1ccc(CC)cc1)C(C)N1C(=O)c2c(sc(-c3ccccc3)c2)N=N1"
"117","Minisytravon-Cherrypicks-washed.117","NCGC00115382-01","activity-cherrypicks","31.622777",-2.400,-21.348,"O(C)c1ccc(C2N(Cc3occc3)C(=O)c3[nH]nc(-c4c(O)cccc4)c23)cc1"
"118","Minisytravon-Cherrypicks-washed.118","NCGC00104263-01","activity-cherrypicks","35.481339",-2.200,-67.133,"S(c1c(OC(=O)C(C)C)n(-c2ccccc2)nc1C)c1ccccc1"
"119","Minisytravon-Cherrypicks-washed.119","NCGC00105476-01","activity-cherrypicks","35.481339",-3.000,-43.106,"Clc1cc(-c2onc(C(=O)Nc3c(C#N)c(CC)c(C)s3)c2)ccc1"
"120","Minisytravon-Cherrypicks-washed.120","NCGC00141938-01","activity-cherrypicks","35.481339",-2.200,-75.705,"Brc1ccc(S(=O)(=O)Nc2c3c(c4oc(C)c(C(=O)C)c4c2)cccc3)cc1"
"121","Minisytravon-Cherrypicks-washed.121","NCGC00107426-01","activity-cherrypicks","35.481339",-2.400,-22.271,"Clc1c(C(=O)Nc2c(N3CCC(C(=O)OCC)CC3)cc3N(C)C(=O)N(C)c3c2)cccc1"
"122","Minisytravon-Cherrypicks-washed.122","NCGC00102659-01","activity-cherrypicks","3.981072",-2.200,-13.038,"ClC(F)(F)Oc1ccc(N(C(=O)c2nn3C(C(F)(F)F)=CC(c4occc4)=Nc3c2)C)cc1"
"123","Minisytravon-Cherrypicks-washed.123","NCGC00125858-01","activity-cherrypicks","31.622777",-2.200,-47.021,"O=C(Nc1c(C)cc(C)cc1C)C1CCN(c2nnc(C)c3c(C)n(-c4ccccc4)nc23)CC1"
"124","Minisytravon-Cherrypicks-washed.124","NCGC00100451-01","activity-cherrypicks","35.481339",-2.400,-26.924,"O(C)c1ccc(CNCCC(c2cc3OCOc3cc2)c2ccccc2)cc1"
"125","Minisytravon-Cherrypicks-washed.125","NCGC00114733-01","activity-cherrypicks","31.622777",-3.000,-40.813,"Clc1c(C)cc(OCCn2c(CCNC(=O)C3CCCCC3)nc3c2cccc3)cc1"
"126","Minisytravon-Cherrypicks-washed.126","NCGC00117038-01","activity-cherrypicks","28.183829",-2.200,-60.539,"Clc1c(C)c(-c2oc(CNCCSc3n(-c4ccccc4)nnn3)cc2)ccc1"
"127","Minisytravon-Cherrypicks-washed.127","NCGC00137640-01","activity-cherrypicks","5.011872",-1.100,-93.252,"Clc1ccc(OCCN2CCN(c3c(C(=O)O)cc(NC(=O)c4ccc(F)cc4)cc3)CC2)cc1"
"128","Minisytravon-Cherrypicks-washed.128","NCGC00112437-01","activity-cherrypicks","22.387211",-2.200,-63.714,"O=C(Nc1c(C(=O)OCC)cccc1)CN1C(=O)CC(c2occc2)Sc2c1cccc2"
"129","Minisytravon-Cherrypicks-washed.129","NCGC00140403-01","activity-cherrypicks","25.118864",-2.200,-26.810,"O=C(Nc1ccc(N(C)C)cc1)CN1C(=O)c2c(Sc3c1cc(C(=O)N1CCCC1)cc3)cccc2"
"130","Minisytravon-Cherrypicks-washed.130","NCGC00121534-01","activity-cherrypicks","31.622777",-2.400,-43.668,"O=C(OCC)c1cc(NC(=O)c2c(C)c3-c4nn(CC)cc4CCc3o2)ccc1"
"131","Minisytravon-Cherrypicks-washed.131","NCGC00109122-01","activity-cherrypicks","null",4.000,-8.917,"S(=O)(=O)(N(C)C1CCCCC1)c1cc2C(=O)C(C(=O)N3CCN(c4c(F)cccc4)CC3)=CN(CC)c2cc1"
"132","Minisytravon-Cherrypicks-washed.132","NCGC00103824-01","activity-cherrypicks","null",4.000,-27.252,"Clc1cc(C(=O)Nc2cc3c(C)cc(N4CCN(CC)CC4)nc3cc2)c(OC)cc1"
"133","Minisytravon-Cherrypicks-washed.133","NCGC00109585-01","activity-cherrypicks","31.622777",-2.200,-51.897,"S(=O)(CC(=O)NCc1c(OC)cccc1)Cc1c(C)oc(-c2cc(OC)c(OC)cc2)n1"
"134","Minisytravon-Cherrypicks-washed.134","NCGC00100714-01","activity-cherrypicks","35.481339",-3.000,-43.015,"O=C(Nc1ccc(OC)cc1)c1c(N)c2c(-c3ccc(OC)cc3)c3C(=O)CC(C)(C)Cc3nc2s1"
"135","Minisytravon-Cherrypicks-washed.135","NCGC00122022-01","activity-cherrypicks","28.183829",-2.200,-71.820,"O=C(Nc1c(C)ccc(C)c1)CCN1C(=O)c2c(Sc3ncccc13)cccc2"
"136","Minisytravon-Cherrypicks-washed.136","NCGC00101411-01","activity-cherrypicks","null",4.000,-13.284,"Brc1ccc(OC2=C(/C=C(\C#N)/c3n(C)c4c(n3)cccc4)C(=O)N3C(C(C)=CC=C3)=N2)cc1"
"137","Minisytravon-Cherrypicks-washed.137","NCGC00119748-01","activity-cherrypicks","28.183829",-2.400,-39.944,"Clc1ccc(C=2Nc3n(C(c4ccc(F)cc4)C=2)nc(NC(=O)c2occc2)n3)cc1"
"138","Minisytravon-Cherrypicks-washed.138","NCGC00100573-01","activity-cherrypicks","15.848932",-2.100,-81.502,"O=C(CN1CC(C(=O)OCC)CCC1)N1C=2C(=O)Oc3c(cc(OCc4ccccc4)cc3)C=2CCC1"
"139","Minisytravon-Cherrypicks-washed.139","NCGC00115716-01","activity-cherrypicks","25.118864",-2.200,-34.080,"O=C(NCc1occc1)c1c(NC(=O)C=2Oc3c(C(=O)C=2)cc(C)c(C)c3)sc2c1CCC2"
"140","Minisytravon-Cherrypicks-washed.140","NCGC00134063-01","activity-cherrypicks","25.118864",-2.200,-36.485,"S(=O)(=O)(N1C(CC)CCCC1)c1ccc(C(=O)Nc2c(C(=O)N)c3c(s2)CCC3)cc1"
"141","Minisytravon-Cherrypicks-washed.141","NCGC00111822-01","activity-cherrypicks","null",4.000,-10.446,"Clc1c(-c2oc(C)c(CS(=O)(=O)CC(=O)NC(CCc3ccccc3)C)n2)cccc1"
"142","Minisytravon-Cherrypicks-washed.142","NCGC00119159-01","activity-cherrypicks","19.952623",-2.400,-11.856,"O=C(Nc1cc(-c2sc3c(n2)cccc3)ccc1)CCCC"
"143","Minisytravon-Cherrypicks-washed.143","NCGC00098927-01","activity-cherrypicks","null",4.000,-24.505,"Brc1oc(C(=O)Nc2c(Cl)ccc(-c3oc4c(n3)ccc(C)c4)c2)cc1"
"144","Minisytravon-Cherrypicks-washed.144","NCGC00102312-01","activity-cherrypicks","12.589254",-1.100,-87.737,"Brc1ccc(S(=O)(=O)Nc2c(C)c(S(=O)(=O)c3ccc(C)cc3)c(O)cc2C)cc1"
"145","Minisytravon-Cherrypicks-washed.145","NCGC00122715-01","activity-cherrypicks","25.118864",-2.200,-48.803,"S(CC(=O)N1CCCCC1)c1nc(-c2ccc(OC)cc2)nc2Oc3c(C)ncc(CO)c3Cc12"
"146","Minisytravon-Cherrypicks-washed.146","NCGC00105890-01","activity-cherrypicks","31.622777",-2.400,-29.499,"O=C(OCC)CC(NC(=O)c1sc2N=C3C(C)=CC=CN3C(=O)c2c1)c1cc(OC)c(OCC(C)C)cc1"
"147","Minisytravon-Cherrypicks-washed.147","NCGC00114696-01","activity-cherrypicks","null",4.000,-18.642,"S(Cc1ccccc1)c1sc(N2C(=O)C(C#N)=CC=3C(=O)N4C(=NC2=3)C=CC(C)=C4)nn1"
"148","Minisytravon-Cherrypicks-washed.148","NCGC00111800-01","activity-cherrypicks","null",4.000,-12.573,"Clc1cc(NC(=O)CN2C(=O)N(c3cc(OC)ccc3)C(=O)c3sc4c(c23)cccc4)ccc1"
"149","Minisytravon-Cherrypicks-washed.149","NCGC00102880-01","activity-cherrypicks","31.622777",-3.000,-38.305,"Clc1c(C)c(N2C(N)=C(C#N)C(c3scc(CN4CCOCC4)c3)C=3C(=O)CCCC2=3)ccc1"
"150","Minisytravon-Cherrypicks-washed.150","NCGC00122650-01","activity-cherrypicks","31.622777",-2.200,-35.486,"O=C(Nc1cc(C)c(C)cc1)CN1C(=O)N(Cc2occc2)C(=O)c2oc3c(c12)cccc3"
"151","Minisytravon-Cherrypicks-washed.151","NCGC00118533-01","activity-cherrypicks","15.848932",-2.200,-79.332,"S(=O)(=O)(n1c(NCc2cc(OC)c(OC)cc2)nc(-c2occc2)n1)c1cc2c(cc1)cccc2"
"152","Minisytravon-Cherrypicks-washed.152","NCGC00117358-01","activity-cherrypicks","14.125375",-2.200,-33.957,"Clc1c(C(=O)Nc2sc3c(n2)ccc(OC)c3)nc(S(=O)(=O)Cc2c(F)cccc2)nc1"
"153","Minisytravon-Cherrypicks-washed.153","NCGC00112805-01","activity-cherrypicks","28.183829",-2.200,-51.382,"O=C(Nc1c(OCC)cccc1)CN1C(=O)N(Cc2occc2)C(=O)c2c1nccc2"
"154","Minisytravon-Cherrypicks-washed.154","NCGC00128305-01","activity-cherrypicks","25.118864",-2.200,-50.356,"O=C(N1CCN(c2c(C)ccc(C)c2)CC1)c1n(-c2sc(N3CCCCC3)nn2)ccc1"
"155","Minisytravon-Cherrypicks-washed.155","NCGC00105030-01","activity-cherrypicks","35.481339",-2.200,-53.062,"Clc1c(C)ccc(N2C(SCC(C)C)=Nc3sc4c(c3C2=O)CCN(C(=O)C)C4)c1"
"156","Minisytravon-Cherrypicks-washed.156","NCGC00140536-01","activity-cherrypicks","28.183829",-2.200,-47.178,"O=C(Nc1c(OC)cccc1)c1c(NCc2c(OC)c(OC)c(OC)cc2)sc2c1CCC2"
"157","Minisytravon-Cherrypicks-washed.157","NCGC00121480-01","activity-cherrypicks","35.481339",-3.000,-34.366,"Clc1c(C)cc(NC(=O)C2CCN(C3=Nc4c(-n5c3ccc5)cccc4)CC2)c(OC)c1"
"158","Minisytravon-Cherrypicks-washed.158","NCGC00136244-01","activity-cherrypicks","null",4.000,-16.388,"S(=O)(=O)(C(CNC(=O)C(=O)NCc1cc(OC)ccc1)c1occc1)c1sccc1"
"159","Minisytravon-Cherrypicks-washed.159","NCGC00100440-01","activity-cherrypicks","25.118864",-2.200,-50.713,"Clc1cc(F)c(NC(=O)c2c(N)c3c(s2)nc(-c2sccc2)cc3)cc1"
"160","Minisytravon-Cherrypicks-washed.160","NCGC00118182-01","activity-cherrypicks","35.481339",-3.000,-53.038,"O=C(N1c2n(C3([C@]4[C@@]1CCCC4)CCCCC3)nc(-c1occc1)n2)c1ccc(C)cc1"
"161","Minisytravon-Cherrypicks-washed.161","NCGC00120138-01","activity-cherrypicks","null",4.000,4.215,"S(c1c(C(=O)NCc2ccc(OCCC)cc2)[nH]c2c1ccc(OC)c2)c1ccccc1"
"162","Minisytravon-Cherrypicks-washed.162","NCGC00104724-01","activity-cherrypicks","31.622777",-2.200,-47.580,"S(=O)(=O)(c1c(SC(C)c2ccccc2)oc(-c2occc2)n1)c1ccc(C)cc1"
"163","Minisytravon-Cherrypicks-washed.163","NCGC00102478-01","activity-cherrypicks","17.782794",-2.200,-24.669,"ClC(F)(F)C=1n2nc(C(=O)Nc3cc(C(F)(F)F)ccc3)cc2N=C(c2occc2)C=1"
"164","Minisytravon-Cherrypicks-washed.164","NCGC00138557-01","activity-cherrypicks","17.782794",-2.200,-32.293,"S(CC(=O)Nc1ccc(N(C)C)cc1)C1=Nc2c(cccc2)C=2N1C(=O)C(CC(=O)NCc1cc3OCOc3cc1)N=2"
"165","Minisytravon-Cherrypicks-washed.165","NCGC00136184-01","activity-cherrypicks","null",4.000,-22.830,"O(C)c1c(C2N(CCCN(C)C)C(=O)C=3Oc4c(C(=O)C2=3)cc(C)cc4)cc(OC)cc1"
"166","Minisytravon-Cherrypicks-washed.166","NCGC00121540-01","activity-cherrypicks","null",4.000,0.130,"Fc1c(NC(=O)c2c(C)c3-c4nn(Cc5ccc(C)cc5)cc4CCc3o2)ccc(F)c1"
"167","Minisytravon-Cherrypicks-washed.167","NCGC00125495-01","activity-cherrypicks","28.183829",-2.200,-43.605,"S(=O)(=O)(Cc1c(C)oc(-c2ccc(C(=O)NCc3c(C)cccc3)cc2)n1)c1ccccc1"
"168","Minisytravon-Cherrypicks-washed.168","NCGC00131603-01","activity-cherrypicks","null",4.000,-2.184,"S(=O)(=O)(NCc1n(Cc2c(C)ccc(C)c2)ccc1)c1cc(OC)c(OC)cc1"
"169","Minisytravon-Cherrypicks-washed.169","NCGC00126274-01","activity-cherrypicks","35.481339",-2.200,-73.660,"Clc1c(CS(=O)(=O)CC2C(=O)Nc3c(N2)ccc(C(=O)NCc2ccc(OC)cc2)c3)cccc1"
"170","Minisytravon-Cherrypicks-washed.170","NCGC00111454-01","activity-cherrypicks","28.183829",-2.200,-47.625,"O=C(Nc1c(C)cccc1)/C(/C#N)=C/c1ccc(OCC=2N=C3SC(C)=NN3C(=O)C=2)cc1"
"171","Minisytravon-Cherrypicks-washed.171","NCGC00104760-01","activity-cherrypicks","28.183829",-2.200,-70.340,"Clc1ccc(S(=O)(=O)c2c(SC(CC)C)oc(-c3occc3)n2)cc1"
"172","Minisytravon-Cherrypicks-washed.172","NCGC00125369-01","activity-cherrypicks","null",4.000,-15.520,"S(Cc1c(C)oc(-c2ccc(C(=O)NCCc3ccc(OCC)cc3)cc2)n1)c1ccccc1"
"173","Minisytravon-Cherrypicks-washed.173","NCGC00098921-01","activity-cherrypicks","35.481339",-3.000,-40.943,"Clc1cc(NC(=O)CCCN2c3c(C(=O)c4c2cccc4)cc(C)cc3)c(C)cc1"
"174","Minisytravon-Cherrypicks-washed.174","NCGC00126288-01","activity-cherrypicks","14.125375",-2.200,-38.306,"O=[N+]([O-])c1c(C2C(C(=O)Nc3c(C)cc(C)cc3)=C(C)Nc3c(C(=O)Nc4ccccc4)cnn23)cccc1"
"175","Minisytravon-Cherrypicks-washed.175","NCGC00124273-01","activity-cherrypicks","31.622777",-2.200,-56.499,"S(=O)(=O)(NCc1cc(OC)c(OCC)cc1)c1cc2c([nH]c3c2CCCC3)cc1"
"176","Minisytravon-Cherrypicks-washed.176","NCGC00102412-01","activity-cherrypicks","null",4.000,-23.796,"O=C(Nc1c(C(=O)OC)c2c(s1)CCCCC2)C(Oc1ccc(CCC)cc1)C"
"177","Minisytravon-Cherrypicks-washed.177","NCGC00103004-01","activity-cherrypicks","null",4.000,-16.583,"FC(F)(F)c1c2c(N)c(C(=O)Nc3c(OC)cccc3)sc2nc2c1CN(C(=O)C)CC2"
"178","Minisytravon-Cherrypicks-washed.178","NCGC00117170-01","activity-cherrypicks","14.125375",-2.100,-96.521,"Clc1c(C(=O)NCc2ccc(OC)cc2)nc(S(=O)(=O)Cc2ccccc2)nc1"
"179","Minisytravon-Cherrypicks-washed.179","NCGC00137674-01","activity-cherrypicks","22.387211",-2.100,-84.235,"Clc1ccc(C(=O)Nc2cc(C(=O)O)c(N3CC=C(c4c(C)cccc4)CC3)nc2)cc1"
"180","Minisytravon-Cherrypicks-washed.180","NCGC00141465-01","activity-cherrypicks","null",4.000,-13.304,"S(=O)(=O)(Nc1c(N(C)C)cc2N(C)C(=O)N(C)c2c1)c1ccccc1"
"181","Minisytravon-Cherrypicks-washed.181","NCGC00139448-01","activity-cherrypicks","22.387211",-2.100,-90.563,"Clc1c(/C=C/c2n(S(=O)(=O)c3cc(Cl)ccc3)c3c(n2)cccc3)cccc1"
"182","Minisytravon-Cherrypicks-washed.182","NCGC00140758-01","activity-cherrypicks","8.912509",-1.200,-76.223,"Clc1c(N2C(SC(C(=O)N(CC)CC)CC)=Nc3[nH]nc(C)c3C2=N)cccc1"
"183","Minisytravon-Cherrypicks-washed.183","NCGC00100305-01","activity-cherrypicks","null",4.000,-8.459,"Clc1c(C(=O)Oc2c(OCC)cc(C3N=C(O)c4c(sc5c4CCN(C)C5)N3)cc2)cccc1"
"184","Minisytravon-Cherrypicks-washed.184","NCGC00136302-01","activity-cherrypicks","null",4.000,-7.924,"S(=O)(=O)(C(CNC(=O)C(=O)NCc1c(F)cccc1)c1occc1)c1sccc1"
"185","Minisytravon-Cherrypicks-washed.185","NCGC00137622-01","activity-cherrypicks","5.011872",-1.100,-95.583,"Brc1ccc(C(=O)Nc2cc(C(=O)O)c(N3CCOCC3)cc2)cc1"
"186","Minisytravon-Cherrypicks-washed.186","NCGC00141459-01","activity-cherrypicks","35.481339",-2.200,-52.489,"Clc1ccc(N2CCN(S(=O)(=O)c3cc4c(N(C)C(=O)C4)cc3)CC2)cc1"
"187","Minisytravon-Cherrypicks-washed.187","NCGC00139958-01","activity-cherrypicks","35.481339",-3.000,-57.541,"S(CC(=O)NC1CCC(C)CC1)c1nn2C(C)=C(Cc3ccc(C)cc3)C(C)=Nc2n1"
"188","Minisytravon-Cherrypicks-washed.188","NCGC00138879-01","activity-cherrypicks","28.183829",-2.100,-66.852,"S(CC(=O)Nc1c(OC)cccc1)C=1N(CCC(=O)NC2CCCCC2)C(=O)c2c(N=1)cccc2"
"189","Minisytravon-Cherrypicks-washed.189","NCGC00120930-01","activity-cherrypicks","7.943282",-1.200,-77.516,"S(=O)(=O)(N(Cc1occc1)C)c1sc(NC(=O)c2ccc(OCC(C)C)cc2)nn1"
"190","Minisytravon-Cherrypicks-washed.190","NCGC00118896-01","activity-cherrypicks","null",4.000,-23.495,"O=C(OC)c1c(O)c(-c2c(-c3cc4OCCOc4cc3)[nH]c3N(C)C(=O)NC(=O)c23)sc1C"
"191","Minisytravon-Cherrypicks-washed.191","NCGC00099209-02","activity-cherrypicks","4.466836",-1.100,-95.611,"O=C(Nc1c(C(=O)OC)c2C(C(=O)OC)CCc2s1)CCCOc1cc(C)ccc1"
"192","Minisytravon-Cherrypicks-washed.192","NCGC00136623-01","activity-cherrypicks","25.118864",-2.200,-72.276,"O=C(N(Cc1cnccc1)c1sc2c(C)ccc(OC)c2n1)C1CCCCC1"
"193","Minisytravon-Cherrypicks-washed.193","NCGC00113821-01","activity-cherrypicks","null",4.000,-13.874,"S(CC(=O)NCc1cc(OC)c(OC)cc1)Cc1c(n(-c2ccccc2)nc1)-n1cccc1"
"194","Minisytravon-Cherrypicks-washed.194","NCGC00104736-01","activity-cherrypicks","31.622777",-2.200,-38.600,"Clc1ccc(S(=O)(=O)c2c(SCC(=O)Nc3ccc(OCC)cc3)oc(-c3occc3)n2)cc1"
"195","Minisytravon-Cherrypicks-washed.195","NCGC00136881-01","activity-cherrypicks","31.622777",-2.200,-65.971,"S(=O)(=O)(NCCC1=C(C)n2nc(-c3ccccc3)nc2S1)c1cc(C)c(C)cc1"
"196","Minisytravon-Cherrypicks-washed.196","NCGC00134029-01","activity-cherrypicks","12.589254",-2.400,-34.341,"S(=O)(=O)(Nc1ccc(-c2nc3SC=C(C)n3c2)cc1)c1c(F)ccc(F)c1"
"197","Minisytravon-Cherrypicks-washed.197","NCGC00114860-01","activity-cherrypicks","null",4.000,5.086,"O=C(c1c(N)c(-c2scc(-c3ccc(OCC)cc3)n2)c2n1C=CC=C2)c1cc2OCOc2cc1"
"198","Minisytravon-Cherrypicks-washed.198","NCGC00134688-01","activity-cherrypicks","31.622777",-2.400,-22.327,"Clc1cc(CNC(=O)CSCc2n(C3CCCCC3)c3ncccc3n2)ccc1"
"199","Minisytravon-Cherrypicks-washed.199","NCGC00131445-01","activity-cherrypicks","15.848932",-1.100,-87.340,"O(C)c1c(OC)cc(CN2Cc3c(nc(N4CCN(c5ncccn5)CC4)nc3)CC2)c(OC)c1"
"200","Minisytravon-Cherrypicks-washed.200","NCGC00116377-01","activity-cherrypicks","28.183829",-2.400,-46.095,"O=C(OC=1c2c(C)oc(C)c2C(=O)C=C(c2cc(OC)c(OC)cc2)C=1)c1ccc(OC)cc1"
"201","Minisytravon-Cherrypicks-washed.201","NCGC00127820-01","activity-cherrypicks","null",4.000,-9.425,"S(=O)(=O)(N1CCCCC1)c1cc2c(nc(N3CCN(c4c(F)cccc4)CC3)cc2)cc1"
"202","Minisytravon-Cherrypicks-washed.202","NCGC00113437-01","activity-cherrypicks","28.183829",-2.200,-41.697,"S(Cc1ccc(F)cc1)c1n(C)c2c(n1)ccc(C(=O)NCc1ccc(CC)cc1)c2"
"203","Minisytravon-Cherrypicks-washed.203","NCGC00121705-01","activity-cherrypicks","31.622777",-2.400,-22.995,"O=C(NCCCN1CCN(CCC)CC1)c1cc2Sc3n(-c2cc1)cc(-c1ccc(C)cc1)n3"
"204","Minisytravon-Cherrypicks-washed.204","NCGC00130532-01","activity-cherrypicks","19.952623",-2.200,-43.572,"O=C(Nc1cc(C(=O)OCC=2N=C3SC(C)=NN3C(=O)C=2)ccc1)CCc1ccccc1"
"205","Minisytravon-Cherrypicks-washed.205","NCGC00141454-01","activity-cherrypicks","null",4.000,-9.150,"O=C(Nc1ccc(C)cc1)CN1C(=O)C(CNc2ccccc2)=Cc2c1cc1OCCOc1c2"
"206","Minisytravon-Cherrypicks-washed.206","NCGC00137370-01","activity-cherrypicks","null",4.000,-27.233,"S(=O)(=O)(N1C(c2c(F)cccc2)c2n(ccc2)CC1)c1c(C)ccc([N+](=O)[O-])c1"
"207","Minisytravon-Cherrypicks-washed.207","NCGC00126276-01","activity-cherrypicks","14.125375",-1.100,-82.151,"FC(F)(F)c1cc(NC(=O)c2c(n(-c3cc(F)ccc3)nc2)C2CCNCC2)ccc1"
"208","Minisytravon-Cherrypicks-washed.208","NCGC00112627-01","activity-cherrypicks","17.782794",-2.200,-26.481,"O=C(N(CCOC)Cc1occc1)c1sc-2c(C(=O)Nc3c-2cc(C)cc3)c1"
"209","Minisytravon-Cherrypicks-washed.209","NCGC00121917-01","activity-cherrypicks","17.782794",-2.200,-17.571,"O=C(NCC)c1cc2Sc3n(-c2cc1)cc(-c1cc(OC)ccc1)n3"
"210","Minisytravon-Cherrypicks-washed.210","NCGC00099353-01","activity-cherrypicks","35.481339",-2.200,-77.285,"O(C)c1c(N2C(/C=C/c3c(C)n(C)c4c3cccc4)=Nc3c(C2=O)cccc3)cccc1"
"211","Minisytravon-Cherrypicks-washed.211","NCGC00118444-01","activity-cherrypicks","12.589254",-1.100,-85.014,"O=C(Nc1sc2c(n1)CCCC2)c1c(OCCC)cccc1"
"212","Minisytravon-Cherrypicks-washed.212","NCGC00120208-01","activity-cherrypicks","28.183829",-2.100,-82.361,"Brc1c(CNC=2C(C)=C(S(=O)(=O)N=2)c2ccc(C(C)C)cc2)cccc1"
"213","Minisytravon-Cherrypicks-washed.213","NCGC00118906-01","activity-cherrypicks","null",4.000,-17.174,"O=C(OCC)c1c(O)c(-c2c(-c3c(C)ccc(C)c3)[nH]c3N(C)C(=O)NC(=O)c23)sc1C"
"214","Minisytravon-Cherrypicks-washed.214","NCGC00099387-01","activity-cherrypicks","22.387211",-2.200,-60.819,"Clc1cc(-c2oc(C(=O)Nc3cc4nc(-c5cnccc5)oc4cc3)cc2)ccc1"
"215","Minisytravon-Cherrypicks-washed.215","NCGC00115986-01","activity-cherrypicks","null",4.000,-16.101,"O=C(NCc1occc1)c1c(NC(=O)C=2Oc3c(C)c(C)ccc3C(=O)C=2)sc2c1CCCC2"
"216","Minisytravon-Cherrypicks-washed.216","NCGC00114666-01","activity-cherrypicks","19.952623",-2.100,-84.567,"S(Cc1c(F)cccc1)c1sc(N2C(=O)C(C#N)=CC=3C(=O)N4C(C(C)=CC=C4)=NC2=3)nn1"
"217","Minisytravon-Cherrypicks-washed.217","NCGC00141832-01","activity-cherrypicks","null",4.000,-17.213,"Brc1oc(-c2nc(-c3c(OC)cccc3)on2)cc1"
"218","Minisytravon-Cherrypicks-washed.218","NCGC00132151-01","activity-cherrypicks","28.183829",-2.200,-36.611,"O=C(NCc1cc(OCC)c(OCC)c(OCC)c1)c1cc2NC(=O)C3N(c2cc1)CCCC3"
"219","Minisytravon-Cherrypicks-washed.219","NCGC00117804-01","activity-cherrypicks","28.183829",-2.200,-56.793,"Brc1ccc(NC(=O)c2c(N(Cc3oc(C)cc3)Cc3occc3)cnc(S(=O)(=O)C)n2)cc1"
"220","Minisytravon-Cherrypicks-washed.220","NCGC00118288-01","activity-cherrypicks","25.118864",-2.200,-79.647,"S(=O)(=O)(c1c(SCCC)[nH]c(-c2ccccc2)n1)c1ccc(C)cc1"
"221","Minisytravon-Cherrypicks-washed.221","NCGC00116824-01","activity-cherrypicks","null",4.000,-8.666,"Clc1ccc(S(=O)(=O)c2c(NCCCN(CC)CC)sc(S(=O)(=O)c3ccccc3)n2)cc1"
"222","Minisytravon-Cherrypicks-washed.222","NCGC00112834-01","activity-cherrypicks","28.183829",-2.200,-43.366,"Clc1cc(NC(=O)CSC=2N(Cc3occc3)C(=O)c3oc4c(c3N=2)cccc4)c(OC)cc1"
"223","Minisytravon-Cherrypicks-washed.223","NCGC00135251-01","activity-cherrypicks","35.481339",-2.200,-42.627,"S(=O)(=O)(N1CCC(C(=O)NCc2ccc(N(C)C)cc2)CC1)c1cc2c(NC(=O)C=C2)cc1"
"224","Minisytravon-Cherrypicks-washed.224","NCGC00105632-01","activity-cherrypicks","35.481339",-2.200,-41.806,"O=C(Nc1c(C#N)c2c(s1)CCCC2)c1noc(-c2c(OC)cccc2)c1"
"225","Minisytravon-Cherrypicks-washed.225","NCGC00126013-01","activity-cherrypicks","31.622777",-2.200,-27.787,"O=C(NCc1c(C)cccc1)C1CCN(c2nnc(C)c3c(C)n(-c4ccc(OC)cc4)nc23)CC1"
"226","Minisytravon-Cherrypicks-washed.226","NCGC00133535-01","activity-cherrypicks","12.589254",-2.100,-90.616,"O(CC)c1ccc(C(N2CCN(C)CC2)C=2C(=O)N(Cc3occc3)C(C)=CC=2O)cc1"
"227","Minisytravon-Cherrypicks-washed.227","NCGC00133965-01","activity-cherrypicks","null",4.000,-3.464,"Clc1ccc(Cc2c(SCC(=O)N3CCN(c4ccc(OC)cc4)CC3)nc3c(n2)cccc3)cc1"
"228","Minisytravon-Cherrypicks-washed.228","NCGC00123422-01","activity-cherrypicks","28.183829",-2.200,-42.772,"FC(F)(F)Oc1ccc(NC(=O)COCc2noc(-c3occc3)c2)cc1"
"229","Minisytravon-Cherrypicks-washed.229","NCGC00119155-01","activity-cherrypicks","null",4.000,-7.323,"O=[N+]([O-])c1c(OCC(=O)Nc2cc(-c3sc4c(n3)cccc4)ccc2)cccc1"
"230","Minisytravon-Cherrypicks-washed.230","NCGC00133317-01","activity-cherrypicks","25.118864",-2.200,-49.802,"O(CCN1C(=O)C(C(N2CCN(c3ccccc3)CC2)c2c(OC)cccc2)=C(O)C=C1C)C"
"231","Minisytravon-Cherrypicks-washed.231","NCGC00101826-01","activity-cherrypicks","null",4.000,-5.585,"Clc1cc(NS(=O)(=O)c2cc3OC(=O)Nc3cc2)c(O)cc1"
"232","Minisytravon-Cherrypicks-washed.232","NCGC00134207-01","activity-cherrypicks","28.183829",-2.200,-47.196,"Clc1c(-c2nc(SCC(=O)NCc3occc3)c3C(=O)N(C)C(=O)N(C)c3n2)cccc1"
"233","Minisytravon-Cherrypicks-washed.233","NCGC00109675-01","activity-cherrypicks","22.387211",-2.200,-77.481,"Clc1cc(N2CCN(C(=O)C3CN(Cc4c(C)oc(-c5cc(C)ccc5)n4)CCC3)CC2)c(C)cc1"
"234","Minisytravon-Cherrypicks-washed.234","NCGC00140614-01","activity-cherrypicks","22.387211",-2.100,-92.630,"Clc1cc(NC(=O)c2c(NCc3cnccc3)sc3c2CCCC3)c(OC)cc1"
"235","Minisytravon-Cherrypicks-washed.235","NCGC00113030-01","activity-cherrypicks","14.125375",-2.200,-79.921,"Clc1ccc(Cc2oc3c(n2)cc(N)cc3)cc1"
"236","Minisytravon-Cherrypicks-washed.236","NCGC00125397-01","activity-cherrypicks","null",4.000,-7.763,"S(=O)(Cc1c(C)oc(-c2ccc(C(=O)NCc3ccc(F)cc3)cc2)n1)c1ccccc1"
"237","Minisytravon-Cherrypicks-washed.237","NCGC00114814-01","activity-cherrypicks","null",4.000,0.547,"Clc1ccc(S(=O)(=O)NCC(N2c3c(cccc3)CC2)c2ccccc2)cc1"
"238","Minisytravon-Cherrypicks-washed.238","NCGC00108961-01","activity-cherrypicks","31.622777",-2.200,-54.383,"Clc1cc2N(C)C(=O)C=C(SCC(=O)NCCCN(CC)c3cc(C)ccc3)c2cc1"
"239","Minisytravon-Cherrypicks-washed.239","NCGC00107752-01","activity-cherrypicks","19.952623",-2.200,-72.655,"S(CC(=O)Nc1c(F)cccc1)C1=Nc2c(cccc2)C=2N1C(=O)C(CCC(=O)NCc1occc1)N=2"
"240","Minisytravon-Cherrypicks-washed.240","NCGC00107744-01","activity-cherrypicks","null",4.000,-7.982,"O=C(Nc1c(OCC)cccc1)C=1c2c3c(n(C)c2C(=O)N(C2CCCC2)C=1)cccc3"
"241","Minisytravon-Cherrypicks-washed.241","NCGC00101896-01","activity-cherrypicks","35.481339",-3.000,-40.306,"S(=O)(=O)(Nc1c2c(c3oc(C)c(C(=O)OCCCC)c3c1)cccc2)c1c(OC)ccc(OC)c1"
"242","Minisytravon-Cherrypicks-washed.242","NCGC00132878-01","activity-cherrypicks","null",4.000,-7.084,"S(=O)(=O)(N(C)C)c1cc2N(CC(=O)NCc3ccc(N(C)C)cc3)CCSc2cc1"
"243","Minisytravon-Cherrypicks-washed.243","NCGC00101350-01","activity-cherrypicks","28.183829",-2.200,-52.729,"O=C(OC=1c2c(C)oc(C)c2C(=O)C=C(c2ccc(OCC)cc2)C=1)c1ccccc1"
"244","Minisytravon-Cherrypicks-washed.244","NCGC00124124-01","activity-cherrypicks","31.622777",-2.200,-58.957,"S(Cc1ccc(F)cc1)c1n(Cc2ccc(C(=O)NCCN(C)C)cc2)c2ncccc2n1"
"245","Minisytravon-Cherrypicks-washed.245","NCGC00122119-01","activity-cherrypicks","null",4.000,-2.345,"O=C(NCc1c(OC)cccc1)Cn1nc2-c3c(C)c(C(=O)N4CCOCC4)oc3CCc2c1"
"246","Minisytravon-Cherrypicks-washed.246","NCGC00128756-01","activity-cherrypicks","28.183829",-2.200,-79.809,"O=C(NC(C)c1ccccc1)c1sc(N2c3c(Oc4c(cccc4)C2)nccc3)cc1"
"247","Minisytravon-Cherrypicks-washed.247","NCGC00125964-01","activity-cherrypicks","15.848932",-2.200,-44.377,"Clc1ccc(NC(=O)CN2C(=O)C(CNc3ccc(CC)cc3)=Cc3c2cc2OCOc2c3)cc1"
"248","Minisytravon-Cherrypicks-washed.248","NCGC00131372-01","activity-cherrypicks","14.125375",-1.100,-78.391,"O(CC)c1c(OC)cc(CN2Cc3c(nc(N4CCN(c5ncccc5)CC4)nc3)CC2)cc1"
"249","Minisytravon-Cherrypicks-washed.249","NCGC00118455-01","activity-cherrypicks","31.622777",-2.400,-16.971,"Clc1c(Cc2c(C)n(-c3sc(C(=O)N4CCC(C)CC4)c(C)n3)nc2C)cccc1"
"250","Minisytravon-Cherrypicks-washed.250","NCGC00125491-01","activity-cherrypicks","null",4.000,-14.961,"S(=O)(=O)(Cc1c(C)oc(-c2ccc(C(=O)NCCCOC(C)C)cc2)n1)c1ccccc1"
"251","Minisytravon-Cherrypicks-washed.251","NCGC00124019-01","activity-cherrypicks","null",4.000,-10.301,"Clc1cc(NC(=O)NC(CC)c2c(-n3cccc3)sc3c2CCN(C)C3)c(OC)cc1"
"252","Minisytravon-Cherrypicks-washed.252","NCGC00126083-01","activity-cherrypicks","null",4.000,-1.112,"Clc1ccc(CCNC(=O)C2CN(c3nnc(C)c4c(C)n(-c5ccccc5)nc34)CCC2)cc1"
"253","Minisytravon-Cherrypicks-washed.253","NCGC00128767-01","activity-cherrypicks","28.183829",-2.200,-35.172,"S(CC(=O)Nc1cc(C)ccc1)C1=NC(c2occc2)=NC=2N1NC(=O)C=2"
"254","Minisytravon-Cherrypicks-washed.254","NCGC00111750-01","activity-cherrypicks","28.183829",-2.200,-60.180,"FC(F)(F)c1cc(CN2C(=O)N(Cc3occc3)C(=O)c3sc4c(c23)cccc4)ccc1"
"255","Minisytravon-Cherrypicks-washed.255","NCGC00138356-01","activity-cherrypicks","31.622777",-2.400,-22.952,"Clc1ccc(C(=O)c2c(N)c(C(=O)NCCc3ccccc3)c(Nc3c(OCC)cccc3)s2)cc1"
"256","Minisytravon-Cherrypicks-washed.256","NCGC00120344-01","activity-cherrypicks","15.848932",-1.100,-93.807,"S(=O)(=O)(N(Cc1ccccc1)C)c1cc2N(C)C(=O)CC(=O)N(C)c2cc1"
"257","Minisytravon-Cherrypicks-washed.257","NCGC00139624-01","activity-cherrypicks","35.481339",-3.000,-30.712,"O(CC)c1c(OC)cc(C2N(CCC)C(=O)CN(C2=O)C2CCCCCC2)cc1"
"258","Minisytravon-Cherrypicks-washed.258","NCGC00164985-01","activity-cherrypicks","null",4.000,-22.015,"S(CC(=O)Nc1ccc(OC)cc1)c1c2c(n(CCNC(=O)c3c(F)cccc3F)c1)cccc2"
"259","Minisytravon-Cherrypicks-washed.259","NCGC00124045-01","activity-cherrypicks","1.122018",-2.400,-4.401,"O=C(NC(CCC(C)C)c1c(-n2cccc2)sc2c1CCN(C)C2)NCCCOCC"
"260","Minisytravon-Cherrypicks-washed.260","NCGC00135720-01","activity-cherrypicks","25.118864",-2.200,-66.332,"S(CC(=O)NCc1occc1)C=1N(c2ccc(OCC)cc2)C(=O)c2[nH]c3c(c2N=1)cccc3"
"261","Minisytravon-Cherrypicks-washed.261","NCGC00101372-01","activity-cherrypicks","28.183829",-2.400,-22.937,"S(CC(=O)Nc1c(C)cc(C)cc1)c1nc(C(F)(F)F)cc(-c2occc2)n1"
"262","Minisytravon-Cherrypicks-washed.262","NCGC00110925-01","activity-cherrypicks","null",4.000,-29.682,"S(=O)(=O)(N1CCC(c2oc(-c3c(C)cccc3)nn2)CC1)c1c(OC)cc(OC)cc1"
"263","Minisytravon-Cherrypicks-washed.263","NCGC00107004-01","activity-cherrypicks","null",4.000,-8.949,"Fc1ccc(NC(=O)c2c(N)c3c(c(C(=O)Nc4c(C)cc(C)cc4)c(C)nc3s2)-c2oc(C)cc2)cc1"
"264","Minisytravon-Cherrypicks-washed.264","NCGC00108109-01","activity-cherrypicks","1.258925",-1.200,-13.092,"Brc1c(C)cc(NC(=O)CCS(=O)(=O)c2cc3c(N(C(=O)CC)C(C)C3)cc2)cc1"
"265","Minisytravon-Cherrypicks-washed.265","NCGC00107626-01","activity-cherrypicks","31.622777",-2.200,-50.117,"S(CC(=O)Nc1cc(OC)c(OC)cc1)c1c(-c2ccccc2)[nH]c(-c2cc(C)ccc2)n1"
"266","Minisytravon-Cherrypicks-washed.266","NCGC00125634-02","activity-cherrypicks","null",4.000,-16.445,"O=C(NCCc1c(OC)cc(OC)cc1)CN1C(=O)c2nn(c(C)c2C(C)=N1)-c1ccc(C)cc1"
"267","Minisytravon-Cherrypicks-washed.267","NCGC00100674-01","activity-cherrypicks","31.622777",-2.400,-45.783,"S(=O)(=O)(Nc1nc(C)nc(C)c1)c1ccc(NC(=O)COc2cc(CC)ccc2)cc1"
"268","Minisytravon-Cherrypicks-washed.268","NCGC00103925-01","activity-cherrypicks","25.118864",-2.100,-74.730,"S(=O)(=O)(CCC(=O)Nc1ccc(OC)cc1)c1nc(C(F)(F)F)cc(-c2sccc2)n1"
"269","Minisytravon-Cherrypicks-washed.269","NCGC00137572-01","activity-cherrypicks","31.622777",-2.200,-54.586,"O=C(N(Cc1ccccc1)C)C1CCN(Cc2n(Cc3ccccc3)c3c(c2)cccc3)CC1"
"270","Minisytravon-Cherrypicks-washed.270","NCGC00104784-01","activity-cherrypicks","28.183829",-3.000,-31.344,"S(CC(=O)N(CCC)CCC)C=1N(c2ccccc2)C(=O)c2c(sc3c2CCN(C(=O)C)C3)N=1"
"271","Minisytravon-Cherrypicks-washed.271","NCGC00125993-01","activity-cherrypicks","25.118864",-2.200,-24.464,"O=C(NC1CCCCC1)C1CCN(c2nnc(C)c3c(C)n(-c4ccc(OC)cc4)nc23)CC1"
"272","Minisytravon-Cherrypicks-washed.272","NCGC00116476-01","activity-cherrypicks","31.622777",-3.000,-31.874,"O(C)c1c(OC)cc(/C=C/c2oc(N3CCCCCC3)c(C#N)n2)cc1OC"
"273","Minisytravon-Cherrypicks-washed.273","NCGC00107637-01","activity-cherrypicks","null",4.000,-19.876,"Brc1cc2C(CC)=Nc3c(Sc2cc1)ccc(C(=O)NC1CCCC1)c3"
"274","Minisytravon-Cherrypicks-washed.274","NCGC00135242-01","activity-cherrypicks","15.848932",-2.400,-30.373,"Clc1c(C)ccc(NC(=O)CN2C(=O)C=CC(c3ccncc3)=N2)c1"
"275","Minisytravon-Cherrypicks-washed.275","NCGC00138456-01","activity-cherrypicks","25.118864",-2.100,-78.444,"S(CC(=O)Nc1c(OC)ccc(OC)c1)C1=Nc2c(cccc2)C=2N1C(=O)C(CC(=O)NCc1occc1)N=2"
"276","Minisytravon-Cherrypicks-washed.276","NCGC00098567-01","activity-cherrypicks","null",4.000,-28.677,"FC(F)(F)C(=O)Nc1c(C(=O)Nc2ccc(OC)cc2)c2c(s1)CCCCC2"
"277","Minisytravon-Cherrypicks-washed.277","NCGC00120108-01","activity-cherrypicks","null",4.000,-3.505,"Clc1ccc(CCNC(=O)c2c(Sc3ccccc3)c3c([nH]2)cc(OC)cc3)cc1"
"278","Minisytravon-Cherrypicks-washed.278","NCGC00109561-01","activity-cherrypicks","31.622777",-2.400,-27.637,"Clc1c(-c2oc(C)c(CS(=O)CC(=O)NCCc3ccc(C)cc3)n2)cccc1"
"279","Minisytravon-Cherrypicks-washed.279","NCGC00117483-01","activity-cherrypicks","8.912509",-1.100,-96.700,"Clc1c(C(=O)NCc2ccccc2)nc(S(=O)(=O)Cc2cc(C)ccc2)nc1"
"280","Minisytravon-Cherrypicks-washed.280","NCGC00107334-01","activity-cherrypicks","null",4.000,-14.086,"S(=O)(=O)(Nc1c(N2CCOCC2)cc2N(C)C(=O)N(C)c2c1)c1c(C)cc(C)cc1"
"281","Minisytravon-Cherrypicks-washed.281","NCGC00134269-01","activity-cherrypicks","25.118864",-2.200,-39.160,"S(CC(=O)NCc1occc1)c1nc(-c2cc(F)ccc2)nc2N(C)C(=O)N(C)C(=O)c12"
"282","Minisytravon-Cherrypicks-washed.282","NCGC00117575-01","activity-cherrypicks","31.622777",-2.200,-65.380,"O=C(C)c1ccc(NC=2n3nc(-c4ccc(OC)cc4)nc3N=C(C)C=2)cc1"
"283","Minisytravon-Cherrypicks-washed.283","NCGC00131435-01","activity-cherrypicks","31.622777",-2.200,-67.694,"C(N1Cc2c(nc(N3CCN(c4ncccn4)CC3)nc2)CC1)c1ccc(C)cc1"
"284","Minisytravon-Cherrypicks-washed.284","NCGC00132116-01","activity-cherrypicks","31.622777",-2.200,-56.991,"O=C(NCc1ccc(OC(C)C)cc1)CCCN1C(=O)CCn2nc(-c3n(C)ccc3)cc12"
"285","Minisytravon-Cherrypicks-washed.285","NCGC00120747-01","activity-cherrypicks","25.118864",-2.200,-67.189,"O=C(NCC(N1CCN(c2c(OC)cccc2)CC1)c1cnccc1)C(=O)NCCOC"
"286","Minisytravon-Cherrypicks-washed.286","NCGC00105732-01","activity-cherrypicks","28.183829",-2.100,-90.654,"O=C(Nc1c(C(=O)N)c2c(s1)CCCC2)c1noc2c1CCCC2"
"287","Minisytravon-Cherrypicks-washed.287","NCGC00118415-01","activity-cherrypicks","null",4.000,-15.253,"Fc1c(C(=O)Oc2ccc(C=3C=C(OCC)c4c(C)oc(C)c4C(=O)C=3)cc2)cccc1"
"288","Minisytravon-Cherrypicks-washed.288","NCGC00128440-01","activity-cherrypicks","35.481339",-3.000,-36.435,"S(=O)(=O)(CCC(=O)N1CC(C)N(c2cc(C)ccc2)CC1)c1cc2c(N(C)C(=O)C2)cc1"
"289","Minisytravon-Cherrypicks-washed.289","NCGC00104028-01","activity-cherrypicks","28.183829",-2.200,-67.802,"O=C(O)CCCNc1c2C(=O)c3c(-c4onc(c(N5CCN(C6CCCCC6)CC5)c1)c24)cccc3"
"290","Minisytravon-Cherrypicks-washed.290","NCGC00120252-01","activity-cherrypicks","null",4.000,-14.024,"O=C(NCCCN(CCCC)CC)c1c(-n2cccc2)c2c(C)cc(C)nc2s1"
"291","Minisytravon-Cherrypicks-washed.291","NCGC00140737-01","activity-cherrypicks","28.183829",-2.200,-36.049,"O=C(Nc1ccc(OCC)cc1)c1c(NCc2sccc2)sc2c1CCCCC2"
"292","Minisytravon-Cherrypicks-washed.292","NCGC00104143-01","activity-cherrypicks","12.589254",-1.100,-93.946,"Clc1c(C(=O)/N=C/2\N(Cc3occc3)C=3N=C4N(C(=O)C=3C=C\2C(=O)OCC)C=CC=C4)c(F)ccc1"
"293","Minisytravon-Cherrypicks-washed.293","NCGC00113417-01","activity-cherrypicks","null",4.000,-28.041,"O=C(NC(Cc1occc1)C)C1CCN(C=2C(C)=C(S(=O)(=O)N=2)c2cc(C)c(C)cc2)CC1"
"294","Minisytravon-Cherrypicks-washed.294","NCGC00126078-01","activity-cherrypicks","null",4.000,1.272,"O=C(Nc1ccc(C(=O)C)cc1)CN1C(=O)C(CNc2ccccc2)=Cc2c1cc(OC)cc2"
"295","Minisytravon-Cherrypicks-washed.295","NCGC00137620-01","activity-cherrypicks","7.943282",-1.100,-90.607,"Fc1ccc(N2CCN(c3c(C(=O)O)cc(NC(=O)c4sccc4)cc3)CC2)cc1"
"296","Minisytravon-Cherrypicks-washed.296","NCGC00115775-04","activity-cherrypicks","15.848932",-2.200,-40.478,"S(=O)(=O)(CC(C)C)c1c(S(=O)(=O)c2ccccc2)nc(-c2ccc(F)cc2)o1"
"297","Minisytravon-Cherrypicks-washed.297","NCGC00141841-01","activity-cherrypicks","null",4.000,-8.143,"Clc1cc(S(=O)(=O)N2CCN(CC(=O)Nc3ccc(N(CC)CC)cc3)CC2)c(OC)cc1"
"298","Minisytravon-Cherrypicks-washed.298","NCGC00119635-01","activity-cherrypicks","35.481339",-2.200,-63.948,"O=C1N(C(=O)NC(O)=C1C1=Nc2c(SC(c3ccc(N(C)C)cc3)C1)cccc2)C1CCCCC1"
"299","Minisytravon-Cherrypicks-washed.299","NCGC00107968-01","activity-cherrypicks","31.622777",-2.400,-24.697,"Clc1ccc(-n2ncc3C(=O)N(c4cc(OC)ccc4)C(c4occc4)=Nc23)cc1"
"300","Minisytravon-Cherrypicks-washed.300","NCGC00164935-01","activity-cherrypicks","null",4.000,-2.676,"S(Cc1cc(F)ccc1)c1c2c(n(CCNC(=O)c3cc(C(F)(F)F)ccc3)c1)cccc2"
"301","Minisytravon-Cherrypicks-washed.301","NCGC00134281-01","activity-cherrypicks","null",4.000,-13.756,"O(C)c1ccc(C=2C(=O)Oc3c(CN4CC(C)CCC4)c(O)ccc3C=2)cc1"
"302","Minisytravon-Cherrypicks-washed.302","NCGC00141589-01","activity-cherrypicks","17.782794",-3.000,-30.909,"O=C(Nc1ccc(C(=O)OC)cc1)CC1N(Cc2occc2)C(=O)N(c2ccccc2)C1=O"
"303","Minisytravon-Cherrypicks-washed.303","NCGC00104568-01","activity-cherrypicks","null",4.000,-19.242,"S(=O)(=O)(c1c(SC(C)c2ccccc2)oc(-c2sccc2)n1)c1ccccc1"
"304","Minisytravon-Cherrypicks-washed.304","NCGC00140423-01","activity-cherrypicks","null",4.000,-10.555,"O=C(Nc1c(OC)ccc(OC)c1)CN1C(=O)c2c(Sc3c1cc(C(=O)N1CCCC1)cc3)cccc2"
"305","Minisytravon-Cherrypicks-washed.305","NCGC00140771-01","activity-cherrypicks","25.118864",-2.100,-84.660,"O=C(OCC)N1Cc2sc(NCc3sccc3)c(C(=O)Nc3c(OC)ccc(OC)c3)c2CC1"
"306","Minisytravon-Cherrypicks-washed.306","NCGC00117828-01","activity-cherrypicks","null",4.000,-14.726,"S(=O)(=O)(C)c1nc(C(=O)Nc2c(F)cccc2)c(N(Cc2sccc2)Cc2occc2)cn1"
"307","Minisytravon-Cherrypicks-washed.307","NCGC00104998-01","activity-cherrypicks","25.118864",-2.400,-26.042,"S(CC(=O)Nc1cc(F)c(C)cc1)C=1N(Cc2occc2)C(=O)c2oc3c(c2N=1)cccc3"
"308","Minisytravon-Cherrypicks-washed.308","NCGC00133005-01","activity-cherrypicks","31.622777",-2.400,-35.845,"Clc1c(NC(=O)c2c3N(CC)C4=C(C(=O)n3nc2)CN(Cc2ccc(OC)cc2)CC4)ccc(F)c1"
"309","Minisytravon-Cherrypicks-washed.309","NCGC00101915-01","activity-cherrypicks","28.183829",-2.200,-62.375,"O(C)c1c(O)ccc(C2N(CCCN3CCOCC3)C(=O)C=3Oc4c(C(=O)C2=3)cc(C)c(C)c4)c1"
"310","Minisytravon-Cherrypicks-washed.310","NCGC00115102-01","activity-cherrypicks","12.589254",-2.100,-87.689,"Clc1c(C(=O)N(Cc2occc2)Cc2ccccc2)nc(S(=O)(=O)CCC)nc1"
"311","Minisytravon-Cherrypicks-washed.311","NCGC00140610-01","activity-cherrypicks","31.622777",-2.200,-74.012,"O=C(OC)c1ccc(NC(=O)c2c(NCc3cc(OC)c(OC)cc3)sc3c2CCCC3)cc1"
"312","Minisytravon-Cherrypicks-washed.312","NCGC00128936-01","activity-cherrypicks","25.118864",-2.200,-76.381,"O=C(NCc1oc(C)cc1)c1cc2c(C)c(C)n(Cc3ccccc3)c2cc1"
"313","Minisytravon-Cherrypicks-washed.313","NCGC00128083-01","activity-cherrypicks","14.125375",-1.100,-97.067,"S(=O)(=O)(NCc1occc1)c1c(CC)ccc(-c2onc(C)c2)c1"
"314","Minisytravon-Cherrypicks-washed.314","NCGC00100835-01","activity-cherrypicks","31.622777",-2.200,-45.428,"O=C(Nc1cc2OCCOc2cc1)c1cc(OC)cc(OC)c1"
"315","Minisytravon-Cherrypicks-washed.315","NCGC00138847-01","activity-cherrypicks","35.481339",-2.400,-22.376,"S(C(C(=O)NCCCC)CC)C=1N(Cc2occc2)C(=O)c2c(N=1)cccc2"
"316","Minisytravon-Cherrypicks-washed.316","NCGC00131230-01","activity-cherrypicks","15.848932",-1.200,-77.852,"Fc1ccc(CNc2nc(NCC)nc3n(C)ncc23)cc1"
"317","Minisytravon-Cherrypicks-washed.317","NCGC00113456-01","activity-cherrypicks","14.125375",-2.200,-66.883,"S(Cc1ccc(F)cc1)c1[nH]c2c(n1)ccc(C(=O)NCc1ccc(C)cc1)c2"
"318","Minisytravon-Cherrypicks-washed.318","NCGC00141963-01","activity-cherrypicks","null",4.000,-12.806,"Brc1c(OC)cc(S(=O)(=O)NCCc2c(C)[nH]c3c2cc(C)cc3)cc1"
"319","Minisytravon-Cherrypicks-washed.319","NCGC00111709-01","activity-cherrypicks","null",4.000,-26.184,"S(CC(=O)Nc1cc(C(=O)O)ccc1)c1nc(-c2ccc(F)cc2)nc2Oc3c(cccc3)Cc12"
"320","Minisytravon-Cherrypicks-washed.320","NCGC00104506-01","activity-cherrypicks","null",4.000,-18.050,"Clc1ccc(C(=O)CSc2c(S(=O)(=O)c3ccccc3)nc(-c3ccc(F)cc3)o2)cc1"
"321","Minisytravon-Cherrypicks-washed.321","NCGC00137648-01","activity-cherrypicks","5.011872",-1.100,-92.625,"Clc1ccc(C(=O)Nc2cc(C(=O)O)c(N3CC(c4ccccc4)CC3)cc2)cc1"
"322","Minisytravon-Cherrypicks-washed.322","NCGC00116058-01","activity-cherrypicks","31.622777",-2.200,-56.540,"O=C(OC=1c2c(C)oc(C)c2C(=O)C=C(c2cc3OCOc3cc2)C=1)c1ccc(OC)cc1"
"323","Minisytravon-Cherrypicks-washed.323","NCGC00099313-01","activity-cherrypicks","null",4.000,-25.451,"S(=O)(=O)(CC(O)CSc1c(C#N)c(-c2ccccc2)cc(-c2ccc(C)cc2)n1)Cc1ccccc1"
"324","Minisytravon-Cherrypicks-washed.324","NCGC00098259-01","activity-cherrypicks","12.589254",-2.100,-91.923,"Clc1c(-c2oc3c(n2)cc(Cl)cc3)cc(NC(=O)/C=C/c2occc2)cc1"
"325","Minisytravon-Cherrypicks-washed.325","NCGC00122460-01","activity-cherrypicks","28.183829",-2.200,-47.765,"S(CC(=O)N(CC)CC)c1nc(-c2c(F)cccc2)nc2Oc3c(C)ncc(CO)c3Cc12"
"326","Minisytravon-Cherrypicks-washed.326","NCGC00124057-01","activity-cherrypicks","null",4.000,-6.881,"Brc1ccc(NC(=O)NC(C)c2c(-n3cccc3)sc3c2CCN(CC)C3)cc1"
"327","Minisytravon-Cherrypicks-washed.327","NCGC00113830-01","activity-cherrypicks","28.183829",-2.400,-40.243,"S(Cc1c(C)ccc(C)c1)c1n(Cc2c(C)oc(-c3cc(C)ccc3)n2)c2c(n1)ccnc2"
"328","Minisytravon-Cherrypicks-washed.328","NCGC00140677-01","activity-cherrypicks","null",4.000,-11.566,"O=C(Nc1c(OCC)cccc1)c1c(NCc2c(OC)c(OC)c(OC)cc2)sc2c1CCC(C)C2"
"329","Minisytravon-Cherrypicks-washed.329","NCGC00132034-01","activity-cherrypicks","31.622777",-2.200,-62.300,"Clc1ccc(-c2scc(CCNC(=O)c3occc3)n2)cc1"
"330","Minisytravon-Cherrypicks-washed.330","NCGC00107193-01","activity-cherrypicks","null",4.000,-7.080,"Clc1cc(C(=O)NCCn2c(C)cc3c2cccc3)ccc1"
"331","Minisytravon-Cherrypicks-washed.331","NCGC00102208-01","activity-cherrypicks","28.183829",-2.200,-69.333,"Brc1cc(C2=Nc3n(C(C(F)(F)F)=C2)ncn3)ccc1"
"332","Minisytravon-Cherrypicks-washed.332","NCGC00115317-01","activity-cherrypicks","31.622777",-2.200,-38.670,"O=C(Nc1cc2nc(CN3CCCCC3)n(C)c2cc1)COc1cc(C)ccc1"
"333","Minisytravon-Cherrypicks-washed.333","NCGC00136242-01","activity-cherrypicks","31.622777",-2.200,-69.540,"S(=O)(=O)(C(CNC(=O)c1c(F)cccc1)c1occc1)c1sccc1"
"334","Minisytravon-Cherrypicks-washed.334","NCGC00132092-01","activity-cherrypicks","null",4.000,-13.704,"Brc1oc(C(=O)NCCc2nc(-c3cc(F)ccc3)sc2)cc1"
"335","Minisytravon-Cherrypicks-washed.335","NCGC00104992-01","activity-cherrypicks","null",4.000,-12.402,"O=C1N(c2ccc(C)cc2)C(=O)c2c(sc3c2CCCC3)N1"
"336","Minisytravon-Cherrypicks-washed.336","NCGC00118154-01","activity-cherrypicks","35.481339",-2.400,-22.945,"c1(-c2occc2)nn2C3([C@]4[C@@](Nc2n1)CCCC4)CCCCC3"
"337","Minisytravon-Cherrypicks-washed.337","NCGC00098122-01","activity-cherrypicks","31.622777",-2.200,-38.531,"Oc1ccc(-c2sc3c(n2)ccc(N)c3)cc1"
"338","Minisytravon-Cherrypicks-washed.338","NCGC00135959-01","activity-cherrypicks","null",4.000,-7.435,"S(CC(=O)Nc1sc(C)nn1)c1n(Cc2ccc(OC)cc2)ccn1"
"339","Minisytravon-Cherrypicks-washed.339","NCGC00126457-01","activity-cherrypicks","null",4.000,-11.709,"O=C(N(CCN(C)C)CC)CN1C(=O)c2[nH]c3c(c2C=N1)cc(C)cc3"
"340","Minisytravon-Cherrypicks-washed.340","NCGC00102771-01","activity-cherrypicks","null",4.000,-15.740,"Fc1c(OCc2onc(-c3ccc(-n4cccc4)cc3)n2)cccc1"
"341","Minisytravon-Cherrypicks-washed.341","NCGC00110666-01","activity-cherrypicks","null",4.000,-6.974,"Fc1ccc(C(=O)c2c(N)c3c(s2)nc2c(c3)CN(C)CC2)cc1"
"342","Minisytravon-Cherrypicks-washed.342","NCGC00139566-01","activity-cherrypicks","null",4.000,-0.635,"Fc1ccc(CNC(=O)c2cc3ncn(-c4c(C)cc(C)cc4)c3cc2)cc1"
"343","Minisytravon-Cherrypicks-washed.343","NCGC00139222-01","activity-cherrypicks","31.622777",-2.200,-70.444,"N(c1ncnc2n(-c3ccccc3)ncc12)C1CCCC1"
"344","Minisytravon-Cherrypicks-washed.344","NCGC00113359-01","activity-cherrypicks","31.622777",-2.200,-68.336,"O=C(OC)c1n(Cc2c(C)oc(-c3c(C)cccc3)n2)c2c(oc3c2cccc3)c1"
"345","Minisytravon-Cherrypicks-washed.345","NCGC00131258-01","activity-cherrypicks","11.220185",-1.100,-85.461,"C(CC)CN1Cc2c(nc(N3CCN(C)CC3)nc2)CC1"
"346","Minisytravon-Cherrypicks-washed.346","NCGC00103340-01","activity-cherrypicks","12.589254",-2.200,-41.476,"O=C(Nc1cc(C)c(O)c(-c2oc3c(n2)cccc3)c1)c1occc1"
"347","Minisytravon-Cherrypicks-washed.347","NCGC00120926-01","activity-cherrypicks","14.125375",-1.100,-83.868,"S(=O)(=O)(N(Cc1occc1)C)c1sc(NC(=O)c2cc(C)ccc2)nn1"
"348","Minisytravon-Cherrypicks-washed.348","NCGC00135954-01","activity-cherrypicks","25.118864",-2.400,-27.187,"S(CC(=O)Nc1c(OC)cccc1)c1nnc(-c2c(C)nc(C)s2)cc1"
"349","Minisytravon-Cherrypicks-washed.349","NCGC00098935-01","activity-cherrypicks","null",4.000,-18.298,"O=C(Nc1c(C)c(C)ccc1)CC1C(=O)Nc2c(N1)cc(C)c(C)c2"
"350","Minisytravon-Cherrypicks-washed.350","NCGC00140893-01","activity-cherrypicks","28.183829",-2.200,-67.051,"Fc1ccc(NC(=O)/C=C/c2occc2)cc1"
"351","Minisytravon-Cherrypicks-washed.351","NCGC00100708-01","activity-cherrypicks","25.118864",-2.200,-40.035,"O=C(O)CCc1n(c(-c2ccc(C)cc2)cc1)-c1ccc(NC(=O)C)cc1"
"352","Minisytravon-Cherrypicks-washed.352","NCGC00120503-01","activity-cherrypicks","31.622777",-2.200,-59.643,"O=C(C)c1cc(NC(=O)C=2N(C)S(=O)(=O)N=C(c3occc3)C=2)ccc1"
"353","Minisytravon-Cherrypicks-washed.353","NCGC00130260-01","activity-cherrypicks","null",4.000,1.210,"S(C(C(=O)Nc1cc(C)ccc1)CC)c1oc2c(n1)nccc2"
"354","Minisytravon-Cherrypicks-washed.354","NCGC00128186-01","activity-cherrypicks","28.183829",-2.200,-31.997,"S(=O)(=O)(N(Cc1occc1)C)c1c(OC)ccc(-c2c(C)c(C)no2)c1"
"355","Minisytravon-Cherrypicks-washed.355","NCGC00129173-01","activity-cherrypicks","28.183829",-2.200,-62.711,"O=C(NCc1oc(C)cc1)C1=C(C)n2nc(C)c(-c3ccccc3)c2N=C1"
"356","Minisytravon-Cherrypicks-washed.356","NCGC00115971-01","activity-cherrypicks","null",4.000,-18.273,"O=C(NCc1onc(-c2cc(C)ccc2)n1)c1occc1"
"357","Minisytravon-Cherrypicks-washed.357","NCGC00098516-01","activity-cherrypicks","null",4.000,-19.791,"S(CC(=O)Nc1sc(C)nn1)c1nnc2c([nH]c3c2cccc3)n1"
"358","Minisytravon-Cherrypicks-washed.358","NCGC00137355-01","activity-cherrypicks","11.220185",-2.400,-10.675,"S(CC(=O)N1CCCCC1)c1c(CC)cnc2N(C)C(=O)N(C)C(=O)c12"
"359","Minisytravon-Cherrypicks-washed.359","NCGC00123971-01","activity-cherrypicks","null",4.000,-12.736,"Clc1cc2c(n(CC(=O)N3CCCCC3)c(-c3sccc3)c2)cc1"
"360","Minisytravon-Cherrypicks-washed.360","NCGC00132211-01","activity-cherrypicks","35.481339",-2.200,-43.443,"Brc1ccc(NC(=O)Nc2sc3c(n2)CCCCCC3)cc1"
"361","Minisytravon-Cherrypicks-washed.361","NCGC00136025-01","activity-cherrypicks","null",4.000,-12.129,"S(CC(=O)Nc1cc(OC)c(OC)cc1)c1n(Cc2occc2)ccn1"
"362","Minisytravon-Cherrypicks-washed.362","NCGC00107480-01","activity-cherrypicks","31.622777",-2.400,-29.813,"O(C)c1c(NC2=C(c3ccccc3)C(=O)c3c2cccc3)cc(OC)cc1"
"363","Minisytravon-Cherrypicks-washed.363","NCGC00139193-01","activity-cherrypicks","null",4.000,-5.261,"Clc1cc(N2CCN(c3ncnc4n(C)ncc34)CC2)ccc1"
"364","Minisytravon-Cherrypicks-washed.364","NCGC00116088-01","activity-cherrypicks","14.125375",-2.200,-76.347,"O=C(NCc1occc1)CCCc1onc(-c2c(OC)cccc2)n1"
"365","Minisytravon-Cherrypicks-washed.365","NCGC00132360-01","activity-cherrypicks","15.848932",-2.400,-18.443,"Fc1cc2C(=O)C(N3Cc4c(cccc4)CC3)=CSc2cc1"
"366","Minisytravon-Cherrypicks-washed.366","NCGC00117612-01","activity-cherrypicks","25.118864",-2.200,-68.094,"O=C(N(CC)CC)C=1C(=O)N(CC)N=C(c2ccccc2)C=1c1ccccc1"
"367","Minisytravon-Cherrypicks-washed.367","NCGC00100863-01","activity-cherrypicks","35.481339",-2.400,-21.867,"O(C)c1ccc(CNCCC(c2occc2)c2ccc(C)cc2)cc1"
"368","Minisytravon-Cherrypicks-washed.368","NCGC00137763-01","activity-cherrypicks","35.481339",-2.200,-72.195,"O=C(NCc1cc2c(N(C(=O)CC)CC2)cc1)C(CC)c1ccccc1"
"369","Minisytravon-Cherrypicks-washed.369","NCGC00101537-01","activity-cherrypicks","28.183829",-2.200,-46.273,"O=C1N(C)C(=O)c2c(-c3cc(C)ccc3)n-3c(C(C)=Nc4c-3cccc4)c2N1C"
"370","Minisytravon-Cherrypicks-washed.370","NCGC00133286-01","activity-cherrypicks","null",4.000,-8.474,"S(C(CC)C)c1c(C(C)C)cnc2N(C)C(=O)N(C)C(=O)c12"
"371","Minisytravon-Cherrypicks-washed.371","NCGC00135987-01","activity-cherrypicks","35.481339",-2.400,-24.832,"S(=O)(=O)(NCCc1c(C)nc(-c2cnccc2)s1)c1c(F)cc(OC)cc1"
"372","Minisytravon-Cherrypicks-washed.372","NCGC00098844-01","activity-cherrypicks","28.183829",-2.400,-49.723,"O(C)c1c(/C=C(\C#N)/c2n(C)c3c(n2)cccc3)ccc(OC)c1"
"373","Minisytravon-Cherrypicks-washed.373","NCGC00135141-01","activity-cherrypicks","31.622777",-2.200,-68.690,"S(=O)(=O)(N(C)c1ccc(OCC)cc1)c1cc2c(N(C(=O)C)CCC2)cc1"
"374","Minisytravon-Cherrypicks-washed.374","NCGC00132046-01","activity-cherrypicks","31.622777",-2.400,-28.056,"O=C(NCCCOCC)CN1C(=O)CCn2nc(-c3n(C)ccc3)cc12"
"375","Minisytravon-Cherrypicks-washed.375","NCGC00122065-01","activity-cherrypicks","15.848932",-2.400,-28.308,"Clc1c(CSC2=NN=Cn3c4c(occ4)cc23)cccc1"
"376","Minisytravon-Cherrypicks-washed.376","NCGC00134617-01","activity-cherrypicks","8.912509",-1.100,-90.310,"Clc1c(S(=O)(=O)NCc2oc(C)cc2)cc2OCC(=O)Nc2c1"
"377","Minisytravon-Cherrypicks-washed.377","NCGC00118727-01","activity-cherrypicks","31.622777",-2.200,-58.050,"O=C(NCC1(N(C)C)CCCCC1)C(Oc1c(C)c(C)ccc1)C"
"378","Minisytravon-Cherrypicks-washed.378","NCGC00103897-02","activity-cherrypicks","10",-1.200,-79.302,"Brc1cc(NC(=O)CCS(=O)(=O)c2nc(C(F)(F)F)cc(-c3sccc3)n2)c(O)cc1"
"379","Minisytravon-Cherrypicks-washed.379","NCGC00101016-01","activity-cherrypicks","25.118864",-2.100,-83.612,"O=C(OC)c1ccc([C@@]2Nc3c(C)cc(C)cc3[C@@]3C=CC[C@]23)cc1"
"380","Minisytravon-Cherrypicks-washed.380","NCGC00102307-01","activity-cherrypicks","null",4.000,-12.682,"S(CCN(CC)CC)c1nnc2c(n(C)c3c2cc(F)cc3)n1"
"381","Minisytravon-Cherrypicks-washed.381","NCGC00141264-01","activity-cherrypicks","11.220185",-2.200,-53.293,"O=C(O)CCc1n(c(-c2sccc2)cc1)-c1cc(C(=O)OC)ccc1"
"382","Minisytravon-Cherrypicks-washed.382","NCGC00117895-01","activity-cherrypicks","28.183829",-2.400,-25.488,"S(CCNCc1oc(-c2ccc(F)cc2)cc1)c1n(-c2ccccc2)nnn1"
"383","Minisytravon-Cherrypicks-washed.383","NCGC00102668-01","activity-cherrypicks","31.622777",-2.400,-22.355,"Clc1ccc(C(=O)c2c(N)c(C#N)c(Nc3cc(F)ccc3)s2)cc1"
"384","Minisytravon-Cherrypicks-washed.384","NCGC00101679-01","activity-cherrypicks","35.481339",-2.200,-40.580,"O=C(O)Cc1c(-c2c(OC)ccc(OC)c2)nc(Nc2c(C)cccc2)s1"
"385","Minisytravon-Cherrypicks-washed.385","NCGC00135957-01","activity-cherrypicks","null",4.000,-14.043,"S(=O)(=O)(NCCc1c(C)nc(C)s1)c1cc(C)c(C)cc1"
"386","Minisytravon-Cherrypicks-washed.386","NCGC00112417-01","activity-cherrypicks","35.481339",-2.400,-29.356,"O=C(N(CCCOCC)Cc1occc1)c1sc2-c3c(C)cccc3OCc2c1"
"387","Minisytravon-Cherrypicks-washed.387","NCGC00115515-01","activity-cherrypicks","null",4.000,-2.594,"S(Cc1onc(-c2ccc(C)cc2)n1)c1n(c(C)nn1)-c1ccc(F)cc1"
"388","Minisytravon-Cherrypicks-washed.388","NCGC00102580-01","activity-cherrypicks","8.912509",-1.400,-27.594,"S(CC(=O)Nc1c(C)c(C)ccc1)c1[nH]cc(-c2ccccc2)n1"
"389","Minisytravon-Cherrypicks-washed.389","NCGC00119079-01","activity-cherrypicks","null",4.000,-14.566,"O=C(N(Cc1sccc1)c1ccc(OC)cc1)c1occc1"
"390","Minisytravon-Cherrypicks-washed.390","NCGC00105242-01","activity-cherrypicks","null",4.000,1.908,"Fc1c(F)ccc(N2C(=O)c3n(cnn3)C=C2)c1"
"391","Minisytravon-Cherrypicks-washed.391","NCGC00165142-01","activity-cherrypicks","25.118864",-2.100,-94.054,"FC(F)(F)c1c(NC(=O)CC2N(CC)CCOC2=O)cccc1"
"392","Minisytravon-Cherrypicks-washed.392","NCGC00124403-01","activity-cherrypicks","null",4.000,-19.124,"S(=O)(=O)(N(CC(=O)N(C)c1cc(C)ccc1)C)c1cc2c([nH]c3c2CCCC3)cc1"
"393","Minisytravon-Cherrypicks-washed.393","NCGC00135187-01","activity-cherrypicks","null",4.000,-13.437,"S(=O)(=O)(N1CCC(N(C(C)C)C)CC1)c1cc2c(NC(=O)C=C2)cc1"
"394","Minisytravon-Cherrypicks-washed.394","NCGC00122692-01","activity-cherrypicks","35.481339",-2.200,-39.201,"S(CC(=O)Nc1ccc(OC)cc1)c1nnc(-c2sccc2)cc1"
"395","Minisytravon-Cherrypicks-washed.395","NCGC00112918-01","activity-cherrypicks","10",-1.200,-64.573,"O=C(NCc1ccc(OC)cc1)CCCN1C(=O)c2n(C(C)=N1)c1c(scc1)c2"
"396","Minisytravon-Cherrypicks-washed.396","NCGC00113368-01","activity-cherrypicks","28.183829",-2.400,-27.845,"O=C(Nc1sccc1)Nc1cc(C)cc(C)c1"
"397","Minisytravon-Cherrypicks-washed.397","NCGC00116146-01","activity-cherrypicks","28.183829",-2.200,-72.958,"Clc1c(C)ccc(NC(=O)Cn2c(CCC(=O)O)ccc2-c2sccc2)c1"
"398","Minisytravon-Cherrypicks-washed.398","NCGC00100205-01","activity-cherrypicks","35.481339",-3.000,-35.581,"O=C(Nc1c(OC)cccc1)c1c(-c2ccc(OC)cc2)nn(-c2ccccc2)c1"
"399","Minisytravon-Cherrypicks-washed.399","NCGC00102535-01","activity-cherrypicks","31.622777",-2.200,-48.472,"O=C(O)Cc1c(-c2ccccc2)nc(Nc2ccccc2)s1"
"400","Minisytravon-Cherrypicks-washed.400","NCGC00109521-01","activity-cherrypicks","31.622777",-2.400,-24.021,"Clc1cc(N2CCN(C(=O)CS(=O)Cc3c(C)oc(-c4ccc(C)cc4)n3)CC2)ccc1"
"401","Minisytravon-Cherrypicks-washed.401","NCGC00134500-01","activity-cherrypicks","31.622777",-2.200,-42.335,"Clc1ccc(S(=O)(=O)C(CNC(=O)c2c(F)cccc2)c2occc2)cc1"
"402","Minisytravon-Cherrypicks-washed.402","NCGC00119173-01","activity-cherrypicks","28.183829",-2.200,-77.810,"O=[N+]([O-])c1c(OCC(=O)N2CCN(CCc3ccncc3)CC2)cccc1"
"403","Minisytravon-Cherrypicks-washed.403","NCGC00138339-01","activity-cherrypicks","null",4.000,-16.042,"O(C)c1c2OC(=O)C(c3c(CC)sc(Nc4c(C)c(C)ccc4)n3)=Cc2ccc1"
"404","Minisytravon-Cherrypicks-washed.404","NCGC00133543-01","activity-cherrypicks","28.183829",-2.200,-26.818,"O=C(Nc1c(C(=O)N)nc(Nc2ccccc2)s1)c1ccc(N(C)C)cc1"
"405","Minisytravon-Cherrypicks-washed.405","NCGC00115048-01","activity-cherrypicks","10",-1.100,-97.830,"Clc1c(C(=O)N(Cc2ccccc2)c2ccc(OCC)cc2)nc(S(=O)(=O)C)nc1"
"406","Minisytravon-Cherrypicks-washed.406","NCGC00123424-01","activity-cherrypicks","14.125375",-1.100,-85.589,"O=C(Nc1c(CC)cccc1)COCc1noc(-c2occc2)c1"
"407","Minisytravon-Cherrypicks-washed.407","NCGC00103020-01","activity-cherrypicks","15.848932",-1.200,-75.224,"Clc1c(CSc2oc([C@@](N)CC(C)C)nn2)ccc(Cl)c1"
"408","Minisytravon-Cherrypicks-washed.408","NCGC00108244-01","activity-cherrypicks","35.481339",-2.200,-68.586,"Brc1ccc(S(=O)(=O)n2c(/C=C/c3ccc(OCC)cc3)nc3c2cccc3)cc1"
"409","Minisytravon-Cherrypicks-washed.409","NCGC00113751-01","activity-cherrypicks","null",4.000,-10.116,"O=C(OC)c1c(-n2c(C)ccc2C)c2c(s1)nccc2"
"410","Minisytravon-Cherrypicks-washed.410","NCGC00142050-01","activity-cherrypicks","14.125375",-1.100,-87.028,"Clc1c(OCC)cc(S(=O)(=O)n2c(C(C)C)ncc2)cc1"
"411","Minisytravon-Cherrypicks-washed.411","NCGC00110863-01","activity-cherrypicks","28.183829",-2.400,-22.863,"S(=O)(=O)(N1CCC(c2oc(-c3ccc(C)cc3)nn2)CC1)c1ccc(NC(=O)C)cc1"
"412","Minisytravon-Cherrypicks-washed.412","NCGC00126252-01","activity-cherrypicks","14.125375",-1.200,-74.941,"Fc1c(-n2c(c(C(=O)NCCCOC)cn2)C2CCNCC2)ccc(F)c1"
"413","Minisytravon-Cherrypicks-washed.413","NCGC00139765-02","activity-cherrypicks","35.481339",-3.000,-44.774,"O=C(N(C(C(=O)NCc1occc1)c1ccc(C)cc1)c1ccc(C(C)C)cc1)/C=C\C(=O)Nc1ccc(OC)cc1"
"414","Minisytravon-Cherrypicks-washed.414","NCGC00107681-01","activity-cherrypicks","null",4.000,-21.760,"O=C(Nc1cc2SC(=O)Nc2cc1)COc1c(C)cccc1"
"415","Minisytravon-Cherrypicks-washed.415","NCGC00118330-01","activity-cherrypicks","31.622777",-3.000,-31.181,"O=C(Nc1c(OC)ccc(OC)c1)c1nnsc1"
"416","Minisytravon-Cherrypicks-washed.416","NCGC00124906-01","activity-cherrypicks","35.481339",-2.400,-23.771,"Fc1ccc(-n2c(-n3cccc3)c(C(=O)N(CC)Cc3ccccc3)cn2)cc1"
"417","Minisytravon-Cherrypicks-washed.417","NCGC00102522-01","activity-cherrypicks","7.943282",-1.400,-28.394,"Brc1ccc(CSc2c(C#N)ccc(-c3sccc3)n2)cc1"
"418","Minisytravon-Cherrypicks-washed.418","NCGC00129498-01","activity-cherrypicks","31.622777",-2.200,-44.361,"S(=O)(=O)(Nc1c(C)cc2N(C)C(=O)C(=O)N(C)c2c1)c1cc(C#N)ccc1"
"419","Minisytravon-Cherrypicks-washed.419","NCGC00114988-02","activity-cherrypicks","5.011872",-1.100,-98.408,"Clc1c(C(=O)N2CCN(c3cc(Cl)ccc3)CC2)nc(S(=O)(=O)C)nc1"
"420","Minisytravon-Cherrypicks-washed.420","NCGC00104630-01","activity-cherrypicks","31.622777",-2.200,-47.089,"Clc1ccc(S(=O)(=O)c2c(SC(C)C)oc(-c3sccc3)n2)cc1"
"421","Minisytravon-Cherrypicks-washed.421","NCGC00117667-01","activity-cherrypicks","null",4.000,-18.835,"O=C(NC(C)c1onc(-c2c(C)cccc2)n1)c1occc1"
"422","Minisytravon-Cherrypicks-washed.422","NCGC00122516-01","activity-cherrypicks","null",4.000,-7.012,"S(Cc1ccc(F)cc1)c1nc(-c2ccc(CC)cc2)nc2Oc3c(C)ncc(CO)c3Cc12"
"423","Minisytravon-Cherrypicks-washed.423","NCGC00135069-01","activity-cherrypicks","28.183829",-2.200,-66.795,"S(=O)(=O)(N1C(CC)CCCC1)c1cc2c(N(C(=O)C)CCC2)cc1"
"424","Minisytravon-Cherrypicks-washed.424","NCGC00117313-01","activity-cherrypicks","35.481339",-2.400,-29.012,"Clc1ccc(OCC(=O)N(Cc2oc(C)cc2)Cc2occc2)cc1"
"425","Minisytravon-Cherrypicks-washed.425","NCGC00111746-01","activity-cherrypicks","35.481339",-2.200,-40.727,"O=C1N(Cc2occc2)C(=O)c2sc3c(c2N1Cc1ccc(C)cc1)cccc3"
"426","Minisytravon-Cherrypicks-washed.426","NCGC00118297-01","activity-cherrypicks","25.118864",-2.400,-29.366,"S(CC(=O)c1ccc(F)cc1)c1n2-c3c(C)cc(C)cc3C(C)=Cc2nn1"
"427","Minisytravon-Cherrypicks-washed.427","NCGC00133002-01","activity-cherrypicks","31.622777",-2.100,-86.295,"Clc1ccc(C(=O)n2c(C)c(S(=O)(=O)N3CCOCC3)c(C)n2)cc1"
"428","Minisytravon-Cherrypicks-washed.428","NCGC00135613-01","activity-cherrypicks","22.387211",-2.200,-42.699,"O=C(Nc1ccc(Nc2ncnc3sc4c(c23)CCCC4)cc1)C"
"429","Minisytravon-Cherrypicks-washed.429","NCGC00139254-01","activity-cherrypicks","28.183829",-2.200,-67.153,"O(C)c1ccc(-n2ncc3c(NC4CCCC4)ncnc23)cc1"
"430","Minisytravon-Cherrypicks-washed.430","NCGC00127548-01","activity-cherrypicks","14.125375",-2.400,-25.443,"S(=O)(=O)(CCC(=O)N(C(C)C)Cc1ccccc1)c1cc2OC(=O)N(C)c2cc1"
"431","Minisytravon-Cherrypicks-washed.431","NCGC00135873-01","activity-cherrypicks","31.622777",-2.200,-31.854,"S(CC(=O)NCc1occc1)c1n(Cc2ccc(F)cc2)ccn1"
"432","Minisytravon-Cherrypicks-washed.432","NCGC00138308-01","activity-cherrypicks","1.995262",-2.200,-12.663,"S(Cc1c(C)cc(C)cc1)C1=Nc2c(cccc2)C=2N1C(=O)C(CCC(=O)NCc1sccc1)N=2"
"433","Minisytravon-Cherrypicks-washed.433","NCGC00130495-01","activity-cherrypicks","25.118864",-2.100,-73.133,"O=C(OCC=1N=C2SC(CCOCC)=NN2C(=O)C=1)c1ccc(NC(=O)C2CCCCC2)cc1"
"434","Minisytravon-Cherrypicks-washed.434","NCGC00138119-01","activity-cherrypicks","28.183829",-2.100,-88.931,"O=C(Nc1cc2N(C)C(=O)c3c(Sc2cc1)cccc3)Cc1ccc(C)cc1"
"435","Minisytravon-Cherrypicks-washed.435","NCGC00111385-01","activity-cherrypicks","35.481339",-2.200,-60.661,"O=C(NCCCN(CC)Cc1ccccc1)c1sc-2c(C(=O)Nc3c-2cc(C)cc3)c1"
"436","Minisytravon-Cherrypicks-washed.436","NCGC00116156-01","activity-cherrypicks","14.125375",-2.400,-47.658,"FC(F)(F)c1c(NC(=O)Cn2c(CCC(=O)O)ccc2-c2sccc2)cccc1"
"437","Minisytravon-Cherrypicks-washed.437","NCGC00113245-01","activity-cherrypicks","31.622777",-2.200,-67.203,"O=C(NCCC(C)C)C1CCN(c2sc(-n3c(CNc4ccc(C)cc4)ccc3)nn2)CC1"
"438","Minisytravon-Cherrypicks-washed.438","NCGC00116374-01","activity-cherrypicks","15.848932",-1.200,-60.853,"Clc1c(CN2COc3c(c4OC(=O)c5c(-c4cc3)cccc5)C2)cccc1"
"439","Minisytravon-Cherrypicks-washed.439","NCGC00110793-01","activity-cherrypicks","31.622777",-2.400,-22.929,"S(=O)(=O)(N1CC=C(c2c(C)n(CC(=O)N3CCCC3)c3c2cccc3)CC1)c1c(OC)ccc(OC)c1"
"440","Minisytravon-Cherrypicks-washed.440","NCGC00118389-01","activity-cherrypicks","null",4.000,-19.750,"O=C(Oc1c(OC)cc(C=2C=C(OC)c3c(C)oc(C)c3C(=O)C=2)cc1)c1cc(C)ccc1"
"441","Minisytravon-Cherrypicks-washed.441","NCGC00136672-01","activity-cherrypicks","25.118864",-2.200,-63.817,"Fc1ccc(N2C(=O)CC(NC(=O)/C=C\c3cc(OC)c(OC)cc3)C2)cc1"
"442","Minisytravon-Cherrypicks-washed.442","NCGC00118343-01","activity-cherrypicks","19.952623",-2.100,-93.535,"O=C(OC)c1c(NC(=O)c2cc(OC)c(OC)cc2)scc1-c1sccc1"
"443","Minisytravon-Cherrypicks-washed.443","NCGC00139422-01","activity-cherrypicks","22.387211",-2.100,-84.700,"C(=C/c1ccc(C)cc1)\c1[nH]c2c(n1)cccc2"
"444","Minisytravon-Cherrypicks-washed.444","NCGC00136781-01","activity-cherrypicks","null",4.000,-2.029,"Clc1ccc(S(=O)(=O)CC(=O)Nc2c(C(=O)N)c3c(s2)CCCCC3)cc1"
"445","Minisytravon-Cherrypicks-washed.445","NCGC00142043-01","activity-cherrypicks","31.622777",-2.200,-47.249,"S(=O)(=O)(N1CCC(C(=O)Nc2cc(C)c(C)cc2)CC1)c1c2nonc2ccc1"
"446","Minisytravon-Cherrypicks-washed.446","NCGC00119394-01","activity-cherrypicks","22.387211",-2.200,-73.411,"Clc1ccc(-c2nc(-c3c(N4CCN(c5c(OC)cccc5)CC4)nccc3)on2)cc1"
"447","Minisytravon-Cherrypicks-washed.447","NCGC00114639-01","activity-cherrypicks","null",4.000,-10.990,"O=C(/C=C/c1c2c(n(CC(O)CN3CCCCCC3)c1)cccc2)c1cc(OC)c(OC)cc1"
"448","Minisytravon-Cherrypicks-washed.448","NCGC00110632-02","activity-cherrypicks","null",4.000,-15.773,"O=C(Nc1c(OC)cc(OC)cc1)c1c(N)c2c(s1)nc1c(c2)CN(Cc2ccccc2)CC1"
"449","Minisytravon-Cherrypicks-washed.449","NCGC00141639-01","activity-cherrypicks","null",4.000,-29.104,"S(=O)(=O)(Cc1c(C)oc(-c2ccc(C(=O)NCc3ccccc3)cc2)n1)c1ccc(C)cc1"
"450","Minisytravon-Cherrypicks-washed.450","NCGC00101273-01","activity-cherrypicks","25.118864",-2.200,-46.727,"Clc1c(COc2c(OCC)cccc2CNc2ccc(O)cc2)cccc1"
"451","Minisytravon-Cherrypicks-washed.451","NCGC00125567-01","activity-cherrypicks","null",4.000,-12.734,"Clc1c(C)c(NC=2SC=3N(C(=O)c4c(N=3)cc(C(=O)NCCC3=CCCCC3)cc4)N=2)ccc1"
"452","Minisytravon-Cherrypicks-washed.452","NCGC00127989-01","activity-cherrypicks","7.943282",-1.100,-91.094,"Clc1cc(C(=O)Nc2c(N3CC(C)N(c4cc(C)ccc4)CC3)ccc(C(=O)O)c2)ccc1"
"453","Minisytravon-Cherrypicks-washed.453","NCGC00124379-01","activity-cherrypicks","null",4.000,-2.542,"S(=O)(=O)(N(CC(=O)NCc1cc(OC)ccc1)C)c1cc2c([nH]c3c2CCCC3)cc1"
"454","Minisytravon-Cherrypicks-washed.454","NCGC00104023-01","activity-cherrypicks","28.183829",-2.100,-81.824,"S(=O)(=O)(CCCC(=O)Nc1cc(O)ccc1)c1nc(C(F)(F)F)cc(-c2cc(OC)c(OC)cc2)n1"
"455","Minisytravon-Cherrypicks-washed.455","NCGC00104740-01","activity-cherrypicks","null",4.000,-26.120,"Clc1ccc(-c2nc(S(=O)(=O)CC(=O)Nc3c(F)cc(F)cc3)n(-c3ccccc3)c2)cc1"
"456","Minisytravon-Cherrypicks-washed.456","NCGC00141772-01","activity-cherrypicks","31.622777",-3.000,-32.852,"Clc1ccc(N2C(N)=C(C#N)C(c3sc(C)c(CN4CCOCC4)c3)C=3C(=O)CCCC2=3)cc1"
"457","Minisytravon-Cherrypicks-washed.457","NCGC00132945-01","activity-cherrypicks","25.118864",-2.200,-31.522,"S(=O)(=O)(N1CCN(c2ccc(OC)cc2)CC1)c1n[nH]c(C(=O)OCC)c1"
"458","Minisytravon-Cherrypicks-washed.458","NCGC00119996-01","activity-cherrypicks","28.183829",-2.200,-70.693,"S(CC(=O)Nc1ccc(OC)cc1)Cc1c(n(-c2ccccc2)nc1)-n1cccc1"
"459","Minisytravon-Cherrypicks-washed.459","NCGC00137127-01","activity-cherrypicks","35.481339",-2.400,-29.260,"Clc1c2nc(N3CCN(C(=O)c4occc4)CC3)sc2ccc1"
"460","Minisytravon-Cherrypicks-washed.460","NCGC00133240-01","activity-cherrypicks","null",4.000,-8.549,"Clc1c(C)cc(NS(=O)(=O)c2n[nH]c(C(=O)OCC)c2)c(OC)c1"
"461","Minisytravon-Cherrypicks-washed.461","NCGC00100842-01","activity-cherrypicks","31.622777",-2.200,-53.713,"S(=O)(=O)(c1c(N2CCCCC2)oc(-c2ccc(OC)cc2)n1)c1ccccc1"
"462","Minisytravon-Cherrypicks-washed.462","NCGC00139061-01","activity-cherrypicks","25.118864",-2.200,-71.108,"Fc1ccc(-n2ncc3c(NC4CCCCCC4)ncnc23)cc1"
"463","Minisytravon-Cherrypicks-washed.463","NCGC00116084-01","activity-cherrypicks","31.622777",-2.200,-48.389,"O=C(NCc1occc1)CCCc1onc(-c2cc(C)ccc2)n1"
"464","Minisytravon-Cherrypicks-washed.464","NCGC00112238-01","activity-cherrypicks","null",4.000,-4.434,"O=C(NC1CCCCCC1)Cn1c(C)c(C(=O)OCC)c(C)c1-c1ccccc1"
"465","Minisytravon-Cherrypicks-washed.465","NCGC00116199-01","activity-cherrypicks","31.622777",-2.200,-46.648,"S(=O)(=O)(n1c(NCc2ccccc2)nc(-c2occc2)n1)c1ccccc1"
"466","Minisytravon-Cherrypicks-washed.466","NCGC00132444-01","activity-cherrypicks","null",4.000,-7.209,"Clc1ccc(-c2nc3SC=C(CC(=O)NCc4c(OC)cccc4)n3c2)cc1"
"467","Minisytravon-Cherrypicks-washed.467","NCGC00137337-01","activity-cherrypicks","31.622777",-2.200,-54.429,"S(CC(=O)Nc1cc(F)ccc1)C1=NC(=O)N(Cc2occc2)C2=C1CCC2"
"468","Minisytravon-Cherrypicks-washed.468","NCGC00107100-01","activity-cherrypicks","35.481339",-2.400,-20.414,"S(CC(=O)N1C(CC)CCCC1)c1oc(-c2cc(OC)c(OC)cc2)nn1"
"469","Minisytravon-Cherrypicks-washed.469","NCGC00136096-01","activity-cherrypicks","15.848932",-2.200,-80.878,"O(CCCNc1ncnc2n(C)nnc12)C"
"470","Minisytravon-Cherrypicks-washed.470","NCGC00165012-01","activity-cherrypicks","null",4.000,-3.989,"Clc1ccc(-c2c(C)nn3C(c4occc4)=CC=Nc23)cc1"
"471","Minisytravon-Cherrypicks-washed.471","NCGC00134069-01","activity-cherrypicks","25.118864",-2.200,-44.414,"Clc1c(/C=C/C(=O)Nc2c(C(=O)NC)c3c(s2)CCC3)cccc1"
"472","Minisytravon-Cherrypicks-washed.472","NCGC00132042-01","activity-cherrypicks","15.848932",-1.200,-69.672,"Clc1c(NC(=O)CN2C(=O)CCn3nc(-c4n(C)ccc4)cc23)ccc(C)c1"
"473","Minisytravon-Cherrypicks-washed.473","NCGC00137376-01","activity-cherrypicks","31.622777",-2.100,-92.437,"S(=O)(=O)(N1C(c2cc(F)c(F)cc2)c2n(ccc2)CC1)c1ccc(C(=O)C)cc1"
"474","Minisytravon-Cherrypicks-washed.474","NCGC00118748-01","activity-cherrypicks","22.387211",-2.200,-53.426,"S(CCOc1ccccc1)c1sc2c(n1)ccc(NC(=O)c1occc1)c2"
"475","Minisytravon-Cherrypicks-washed.475","NCGC00106127-01","activity-cherrypicks","null",4.000,-19.166,"N(c1c(-c2occc2)nc2n1C=CC(C)=C2)c1cc2OCOc2cc1"
"476","Minisytravon-Cherrypicks-washed.476","NCGC00106970-01","activity-cherrypicks","35.481339",-2.400,-21.120,"Clc1ccc(-c2[nH]c(SCC(=O)Nc3cc(OCC)ccc3)nc2)cc1"
"477","Minisytravon-Cherrypicks-washed.477","NCGC00125724-01","activity-cherrypicks","31.622777",-3.000,-43.483,"Clc1c(CNC(=O)CN2C(=O)c3nn(c(C)c3C(C)=N2)-c2ccccc2)cccc1"
"478","Minisytravon-Cherrypicks-washed.478","NCGC00102567-01","activity-cherrypicks","11.220185",-2.400,-25.194,"S(Cc1onc(-c2cc(OC)c(OC)cc2)n1)C1=NC(C)=CC(=O)N1"
"479","Minisytravon-Cherrypicks-washed.479","NCGC00119746-02","activity-cherrypicks","null",4.000,1.451,"Clc1ccc(C=2Nc3n(C(c4ccc(F)cc4)C=2)nc(NC(=O)c2ccc([N+](=O)[O-])cc2)n3)cc1"
"480","Minisytravon-Cherrypicks-washed.480","NCGC00115676-01","activity-cherrypicks","null",4.000,-9.584,"O=C(NCCc1n(Cc2ccccc2)c2c(n1)cccc2)c1occc1"
"481","Minisytravon-Cherrypicks-washed.481","NCGC00132014-01","activity-cherrypicks","28.183829",-2.400,-20.755,"O=C(Nc1ccc(OC)cc1)CN1C(=O)CCn2nc(-c3n(C)ccc3)cc12"
"482","Minisytravon-Cherrypicks-washed.482","NCGC00112066-01","activity-cherrypicks","35.481339",-2.200,-54.440,"Clc1c(CNC(=O)c2n(Cc3ccc(C)cc3)c3c(scc3)c2)cccc1"
"483","Minisytravon-Cherrypicks-washed.483","NCGC00140007-01","activity-cherrypicks","35.481339",-2.200,-47.306,"O=C(NCc1cc(OC)c(OCC)cc1)CCCc1c2c(n(C)c1)cccc2"
"484","Minisytravon-Cherrypicks-washed.484","NCGC00105693-01","activity-cherrypicks","null",4.000,-22.526,"Fc1ccc(-c2onc(C(=O)Nc3c(C(=O)OCC)c(-c4ccccc4)cs3)c2)cc1"
"485","Minisytravon-Cherrypicks-washed.485","NCGC00125452-01","activity-cherrypicks","0.251189",-3.000,-33.442,"O=C(NCCN(CC)CC)c1cc2N=C3SC(Nc4c(OC)cccc4)=NN3C(=O)c2cc1"
"486","Minisytravon-Cherrypicks-washed.486","NCGC00118034-01","activity-cherrypicks","0.281838",-1.400,-13.369,"O(C)c1c(O)c(OC)cc(C2c3c(C)nn(-c4nc(C)cc(C)n4)c3NC(=O)C2)c1"
"487","Minisytravon-Cherrypicks-washed.487","NCGC00126502-01","activity-cherrypicks","35.481339",-2.200,-51.061,"Clc1cc(CNC(=O)NC=2c3c(C(=O)N(CC(C)C)C=2)cccc3)ccc1"
"488","Minisytravon-Cherrypicks-washed.488","NCGC00136260-01","activity-cherrypicks","null",4.000,-7.350,"S(CC(=O)Nc1sc2c(n1)ccc(C)c2)C=1N(C)C(=O)C(C(=O)Nc2ccc(OC)cc2)=CN=1"
"489","Minisytravon-Cherrypicks-washed.489","NCGC00133475-01","activity-cherrypicks","25.118864",-2.200,-62.302,"Clc1c(C(N2CCN(c3ccccc3)CC2)C=2C(=O)N(Cc3occc3)C(C)=CC=2O)cccc1"
"490","Minisytravon-Cherrypicks-washed.490","NCGC00110649-01","activity-cherrypicks","null",4.000,-18.517,"S(=O)(=O)(c1c(N)n(CC(=O)Nc2c(C)cc(C)cc2C)nn1)c1cc(C)c(C)cc1"
"491","Minisytravon-Cherrypicks-washed.491","NCGC00104510-01","activity-cherrypicks","28.183829",-2.100,-84.273,"S(=O)(=O)(c1c(SCC(=O)Nc2c(OC)cc(OC)cc2)oc(-c2ccc(F)cc2)n1)c1ccc(C)cc1"
"492","Minisytravon-Cherrypicks-washed.492","NCGC00107330-01","activity-cherrypicks","null",4.000,-10.385,"Clc1ccc(S(=O)(=O)Nc2c(N3CCOCC3)cc3N(C)C(=O)N(C)c3c2)cc1"
"493","Minisytravon-Cherrypicks-washed.493","NCGC00106188-01","activity-cherrypicks","31.622777",-2.200,-76.207,"O=C(Nc1c(C)cc(C)cc1)CN1C(=O)N(Cc2ccc(C(=O)NCCCOC)cc2)C(=O)c2c1cccc2"
"494","Minisytravon-Cherrypicks-washed.494","NCGC00137642-01","activity-cherrypicks","12.589254",-2.100,-90.635,"O=C(O)c1c(N2CCC(CCN3CCOCC3)CC2)ccc(NC(=O)c2cc(C)ccc2)c1"
"495","Minisytravon-Cherrypicks-washed.495","NCGC00134078-01","activity-cherrypicks","31.622777",-2.200,-53.673,"O=C(/C=C/c1ccccc1)N1CCN(CC=2N=C3SC(c4c(OC)cccc4)=NN3C(=O)C=2)CC1"
"496","Minisytravon-Cherrypicks-washed.496","NCGC00101697-01","activity-cherrypicks","28.183829",-3.000,-32.746,"Brc1c2c(c(OC)cc1)-c1nc(NC(=O)c3c(SC)cccc3)sc1C2"
"497","Minisytravon-Cherrypicks-washed.497","NCGC00133056-01","activity-cherrypicks","null",4.000,-5.103,"Brc1c(C(=O)NCCS(=O)(=O)N2CCN(c3ccc(F)cc3)CC2)cccc1"
"498","Minisytravon-Cherrypicks-washed.498","NCGC00109540-01","activity-cherrypicks","null",4.000,-0.107,"Clc1ccc(CN2C(=O)c3c(S(=O)(=O)c4c2cc(C(=O)NCc2occc2)cc4)cccc3)cc1"
"499","Minisytravon-Cherrypicks-washed.499","NCGC00099374-01","activity-cherrypicks","31.622777",-2.200,-43.883,"FC(F)(F)c1c2c(N)c(C(=O)Nc3ccc(F)cc3)sc2nc(-c2sccc2)c1"
"500","Minisytravon-Cherrypicks-washed.500","NCGC00130506-01","activity-cherrypicks","14.125375",-2.200,-42.118,"O=C(Nc1cc(C(=O)OCC=2N=C3SC(C)=NN3C(=O)C=2)ccc1)COc1cc(C)c(C)cc1"
"501","Minisytravon-Cherrypicks-washed.501","NCGC00124047-01","activity-cherrypicks","null",4.000,-6.466,"O=C(NC(CCC(C)C)c1c(-n2cccc2)sc2c1CCN(CC)C2)NCCC(=O)OC"
"502","Minisytravon-Cherrypicks-washed.502","NCGC00122982-01","activity-cherrypicks","null",4.000,-14.252,"S(=O)(=O)(c1ccccc1)C=1C(=O)Nc2c(C=1O)ccc(C(=O)NCc1ccc(C)cc1)c2"
"503","Minisytravon-Cherrypicks-washed.503","NCGC00101387-01","activity-cherrypicks","8.912509",-1.100,-89.537,"O(c1c(C)cc(C)cc1)C1=C(/C=C(\C#N)/c2sc3c(n2)cccc3)C(=O)N2C(=N1)C=CC=C2"
"504","Minisytravon-Cherrypicks-washed.504","NCGC00125367-01","activity-cherrypicks","10",-2.200,-27.452,"S(Cc1c(C)oc(-c2ccc(C(=O)NCc3cc(OC)c(OC)cc3)cc2)n1)c1ccccc1"
"505","Minisytravon-Cherrypicks-washed.505","NCGC00139106-01","activity-cherrypicks","31.622777",-3.000,-32.227,"S(=O)(=O)(N(C)C1CCCCC1)c1ccc(C(=O)Nc2c(C(=O)OC)c3c(s2)CN(C)CC3)cc1"
"506","Minisytravon-Cherrypicks-washed.506","NCGC00100422-01","activity-cherrypicks","12.589254",-2.200,-34.562,"O=C(NCc1occc1)C=1C(=N)N(CCCOCC)C=2N=C3N(C(=O)C=2C=1)C=CC=C3"
"507","Minisytravon-Cherrypicks-washed.507","NCGC00109315-01","activity-cherrypicks","25.118864",-2.200,-48.083,"S(=O)(=O)(N1CCC(C(=O)Nc2c(OCC)cccc2)CC1)c1c(/C=C/c2occc2)onc1C"
"508","Minisytravon-Cherrypicks-washed.508","NCGC00108008-01","activity-cherrypicks","31.622777",-2.200,-38.461,"S(=O)(=O)(Nc1ccc(OCC)cc1)c1cc2C(=O)C(C(=O)NCc3occc3)=CNc2cc1"
"509","Minisytravon-Cherrypicks-washed.509","NCGC00131746-01","activity-cherrypicks","null",4.000,-14.784,"Clc1c(NC(=O)C(NS(=O)(=O)c2sccc2)C(C)C)c(OC)cc(OC)c1"
"510","Minisytravon-Cherrypicks-washed.510","NCGC00114396-01","activity-cherrypicks","22.387211",-2.100,-83.399,"N1(c2nc3c(cn2)CNCC3)CCN(c2ncccn2)CC1"
"511","Minisytravon-Cherrypicks-washed.511","NCGC00101556-01","activity-cherrypicks","8.912509",-1.200,-59.940,"FC(F)C=1n2nc(C(=O)Nc3ccc(C(C)C)cc3)nc2N=C(C)C=1"
"512","Minisytravon-Cherrypicks-washed.512","NCGC00104518-01","activity-cherrypicks","28.183829",-2.400,-29.194,"N(c1c(-c2occc2)nc2n1C=CC=C2)c1cc2OCCOc2cc1"
"513","Minisytravon-Cherrypicks-washed.513","NCGC00133672-01","activity-cherrypicks","31.622777",-2.400,-26.283,"S(CC=1Nc2c(C)c(C)ccc2C(=O)C=1)c1[nH]c(-c2cc(OC)ccc2)nn1"
"514","Minisytravon-Cherrypicks-washed.514","NCGC00119648-01","activity-cherrypicks","31.622777",-2.200,-59.304,"O=C(Nc1nn2C(c3ccc(OC)cc3)C=C(c3ccccc3)Nc2n1)C"
"515","Minisytravon-Cherrypicks-washed.515","NCGC00131571-01","activity-cherrypicks","null",4.000,-14.818,"S(=O)(=O)(NCc1n(Cc2cc(C)ccc2)ccc1)c1ccc(NC(=O)C)cc1"
"516","Minisytravon-Cherrypicks-washed.516","NCGC00118901-01","activity-cherrypicks","31.622777",-2.200,-69.048,"O=[N+]([O-])c1cc(C(=O)N2CCN(CCc3ccncc3)CC2)ccc1"
"517","Minisytravon-Cherrypicks-washed.517","NCGC00164902-01","activity-cherrypicks","null",4.000,-11.129,"C(C)c1c(-c2ccccc2)c2n(C(c3occc3)=CC=N2)n1"
"518","Minisytravon-Cherrypicks-washed.518","NCGC00135979-01","activity-cherrypicks","35.481339",-2.200,-49.087,"S(=O)(=O)(NCCc1c(C)nc(C)s1)c1c(OC)ccc(OC)c1"
"519","Minisytravon-Cherrypicks-washed.519","NCGC00105610-01","activity-cherrypicks","35.481339",-2.100,-83.409,"O=C(Nc1c(C#N)c(CC)c(C)s1)c1noc(CC)c1"
"520","Minisytravon-Cherrypicks-washed.520","NCGC00136870-01","activity-cherrypicks","null",4.000,-11.890,"S(CC(=O)N1CCCCC1)c1sc(NC(=O)Nc2ccccc2)nn1"
"521","Minisytravon-Cherrypicks-washed.521","NCGC00110864-01","activity-cherrypicks","null",4.000,-9.402,"O=C(Nc1ccc(-c2nc3n(c2)C=CC=N3)cc1)c1c(OC)c(OC)ccc1"
"522","Minisytravon-Cherrypicks-washed.522","NCGC00116165-01","activity-cherrypicks","28.183829",-2.200,-52.266,"O=C(n1c(NCc2sccc2)nc(-c2occc2)n1)c1ccccc1"
"523","Minisytravon-Cherrypicks-washed.523","NCGC00137187-01","activity-cherrypicks","28.183829",-2.200,-62.472,"S(CC(=O)NCc1ccc(C)cc1)C1=NC(=O)N(Cc2occc2)C2=C1CCC2"
"524","Minisytravon-Cherrypicks-washed.524","NCGC00101993-01","activity-cherrypicks","null",4.000,-12.689,"S(CCC(=O)Nc1c(C)cc(F)cc1)c1nc(C(F)(F)F)cc(-c2occc2)n1"
"525","Minisytravon-Cherrypicks-washed.525","NCGC00142011-01","activity-cherrypicks","28.183829",-2.200,-50.733,"Clc1ccc(-c2oc(C)c(CS(=O)CC(=O)NCCc3ccccc3)n2)cc1"
"526","Minisytravon-Cherrypicks-washed.526","NCGC00101316-01","activity-cherrypicks","null",4.000,-23.459,"Fc1c(C2N=C(O)c3c(sc4c3CCN(C(=O)OCC)C4)N2)cccc1"
"527","Minisytravon-Cherrypicks-washed.527","NCGC00099370-01","activity-cherrypicks","null",4.000,-1.057,"Brc1cc(-c2n(-c3c(C#N)c4c(s3)CCCCC4)ncn2)ccc1"
"528","Minisytravon-Cherrypicks-washed.528","NCGC00132273-01","activity-cherrypicks","8.912509",-1.400,-34.516,"S(CC(=O)NCc1occc1)c1n(Cc2ccc(OC)cc2)c(CO)cn1"
"529","Minisytravon-Cherrypicks-washed.529","NCGC00131251-01","activity-cherrypicks","31.622777",-2.100,-89.740,"S(=O)(=O)(Nc1c(OC)cc2N(C)C(=O)N(C)c2c1)c1cc(C#N)ccc1"
"530","Minisytravon-Cherrypicks-washed.530","NCGC00137313-01","activity-cherrypicks","35.481339",-2.200,-47.175,"Clc1c(CNC(=O)CSC2=NC(=O)N(Cc3occc3)C3=C2CCC3)cccc1"
"531","Minisytravon-Cherrypicks-washed.531","NCGC00131278-01","activity-cherrypicks","19.952623",-2.200,-75.956,"C(CN1Cc2c(nc(N3CCN(CC)CC3)nc2)CC1)(C)C"
"532","Minisytravon-Cherrypicks-washed.532","NCGC00135797-01","activity-cherrypicks","35.481339",-2.400,-20.800,"O=C(NCCc1c(C)nc(-c2ccc(C)cc2)s1)c1occc1"
"533","Minisytravon-Cherrypicks-washed.533","NCGC00131245-01","activity-cherrypicks","25.118864",-2.200,-56.822,"O(CC)c1c(NC=2n3nc(-c4occc4)nc3N=C(C)C=2)cc(OCC)cc1"
"534","Minisytravon-Cherrypicks-washed.534","NCGC00118322-01","activity-cherrypicks","null",4.000,-24.653,"S(=O)(=O)(N)c1ccc(NC(=O)c2nnsc2)cc1"
"535","Minisytravon-Cherrypicks-washed.535","NCGC00106059-01","activity-cherrypicks","null",4.000,-9.440,"O(C)c1ccc(Nc2c(-c3occc3)nc3n2C(C)=CC=C3)cc1"
"536","Minisytravon-Cherrypicks-washed.536","NCGC00125401-01","activity-cherrypicks","25.118864",-2.200,-61.595,"S(=O)(Cc1c(C)oc(-c2ccc(C(=O)NC(C)c3ccccc3)cc2)n1)c1ccc(C)cc1"
"537","Minisytravon-Cherrypicks-washed.537","NCGC00132097-01","activity-cherrypicks","31.622777",-2.200,-54.865,"Clc1c(C)ccc(S(=O)(=O)C=2C(=O)NC(SCC(=O)Nc3cc4OCCOc4cc3)=NC=2)c1"
"538","Minisytravon-Cherrypicks-washed.538","NCGC00109533-01","activity-cherrypicks","null",4.000,-27.335,"Clc1ccc(CNC(=O)CS(=O)Cc2c(C)oc(-c3ccc(Cl)cc3)n2)cc1"
"539","Minisytravon-Cherrypicks-washed.539","NCGC00125463-01","activity-cherrypicks","31.622777",-2.400,-26.877,"S(=O)(=O)(Cc1c(C)oc(-c2ccc(C(=O)NC(C)c3ccccc3)cc2)n1)c1ccccc1"
"540","Minisytravon-Cherrypicks-washed.540","NCGC00130030-01","activity-cherrypicks","null",4.000,-10.549,"O=C(OCC=1N=C2SC(c3sccc3)=NN2C(=O)C=1)c1cc(C)ccc1"
"541","Minisytravon-Cherrypicks-washed.541","NCGC00100682-01","activity-cherrypicks","31.622777",-2.400,-29.222,"Brc1c2c(c(NC(=O)c3c(C(=O)O)cccc3)cc1)nccc2"
"542","Minisytravon-Cherrypicks-washed.542","NCGC00099608-01","activity-cherrypicks","31.622777",-2.200,-67.729,"O(CC)c1c(OC)cc(C(c2c(O)n(-c3ccccc3)nc2C)c2c(O)n(-c3ccccc3)nc2C)cc1"
"543","Minisytravon-Cherrypicks-washed.543","NCGC00116379-01","activity-cherrypicks","28.183829",-2.200,-64.713,"Clc1c(C(=O)OC=2c3c(C)oc(C)c3C(=O)C=C(c3cc4OCOc4cc3)C=2)cccc1"
"544","Minisytravon-Cherrypicks-washed.544","NCGC00100846-01","activity-cherrypicks","25.118864",-2.100,-86.545,"S(=O)(=O)(c1c(NCc2ccccc2)oc(-c2ccc(OC)cc2)n1)c1ccc(C)cc1"
"545","Minisytravon-Cherrypicks-washed.545","NCGC00118623-01","activity-cherrypicks","31.622777",-2.200,-44.221,"Clc1cc(CNc2n(S(=O)(=O)c3cc4c(cc3)cccc4)nc(-c3occc3)n2)ccc1"
"546","Minisytravon-Cherrypicks-washed.546","NCGC00132773-01","activity-cherrypicks","31.622777",-2.200,-45.438,"Fc1c(CNC(=O)CN2C(=O)C3N(c4c2cc(C(=O)N2CCCC2)cc4)CCCC3)cccc1"
"547","Minisytravon-Cherrypicks-washed.547","NCGC00134685-01","activity-cherrypicks","17.782794",-2.200,-62.323,"S(=O)(=O)(N1C(C)CCCC1)c1ccc(C(=O)Nc2c(C(=O)NC)c3c(s2)CCC3)cc1"
"548","Minisytravon-Cherrypicks-washed.548","NCGC00137047-01","activity-cherrypicks","15.848932",-2.200,-24.150,"S(CC(=O)Nc1sc2c(n1)ccc(C)c2)C=1C(C)=CNC(=O)N=1"
"549","Minisytravon-Cherrypicks-washed.549","NCGC00118967-01","activity-cherrypicks","17.782794",-2.200,-29.528,"O=[N+]([O-])c1c(OCC(=O)N(Cc2occc2)c2ncccc2)cccc1"
"550","Minisytravon-Cherrypicks-washed.550","NCGC00108024-01","activity-cherrypicks","14.125375",-1.300,-86.069,"Fc1c(C=2N(c3ccc(OC)cc3)C(=O)c3c(n(-c4ccc(C)cc4)nc3)N=2)cccc1"
"551","Minisytravon-Cherrypicks-washed.551","NCGC00140733-01","activity-cherrypicks","28.183829",-2.200,-77.055,"O=C(Nc1c(OC)cccc1)c1c(NCc2c(C)ccs2)sc2c1CCCCC2"
"552","Minisytravon-Cherrypicks-washed.552","NCGC00130890-01","activity-cherrypicks","31.622777",-2.200,-62.739,"S(=O)(=O)(N(CC)CC)c1cc2N(CC(=O)NCc3ccccc3)C(=O)C3N(c2cc1)CCCC3"
"553","Minisytravon-Cherrypicks-washed.553","NCGC00110490-01","activity-cherrypicks","null",4.000,-1.129,"S(=O)(=O)(N(CC(=O)N(CC)c1ccc(OC)cc1)C)c1cc2C(=O)N(C)C(=O)N(C)c2cc1"
"554","Minisytravon-Cherrypicks-washed.554","NCGC00117574-01","activity-cherrypicks","null",4.000,3.119,"O=C(C)c1c(C)nc(NC(=O)C=2C(=O)N(C)N=C(c3ccccc3)C=2c2ccccc2)s1"
"555","Minisytravon-Cherrypicks-washed.555","NCGC00140548-01","activity-cherrypicks","15.848932",-2.200,-18.295,"O=C(OCC)c1ccc(NC(=O)c2c(NCc3cc(OC)ccc3)sc3c2CCC3)cc1"
"556","Minisytravon-Cherrypicks-washed.556","NCGC00100303-01","activity-cherrypicks","null",4.000,-10.192,"O=C(Oc1c(OC)cc(C2N=C(O)c3c(sc4c3CCN(C)C4)N2)cc1)c1ccccc1"
"557","Minisytravon-Cherrypicks-washed.557","NCGC00132148-01","activity-cherrypicks","35.481339",-3.000,-50.689,"O=C(NCc1ccc(OC)cc1)CN1C(=O)CCn2nc(-c3c4c(n(C)c3)cccc4)cc12"
"558","Minisytravon-Cherrypicks-washed.558","NCGC00126847-01","activity-cherrypicks","null",4.000,-1.023,"Fc1ccc(N2CCN(CCCNc3nc(C)nc4oc(C)c(C(=O)OCC)c34)CC2)cc1"
"559","Minisytravon-Cherrypicks-washed.559","NCGC00118871-01","activity-cherrypicks","35.481339",-2.200,-79.925,"O=C(COc1cc(C)c(C)cc1)N1CCN(CCc2ccncc2)CC1"
"560","Minisytravon-Cherrypicks-washed.560","NCGC00139549-03","activity-cherrypicks","28.183829",-2.200,-40.473,"O=C(OCC)N1Cc2sc(NCc3ccc(N(C)C)cc3)c(C(=O)Nc3ccc(OC)cc3)c2CC1"
"561","Minisytravon-Cherrypicks-washed.561","NCGC00112251-01","activity-cherrypicks","null",4.000,-19.911,"O=C(N(CCC(C)C)Cc1occc1)c1sc2-c3c(OCc2c1)cccc3"
